id,countries,ISO_A3,y_1987,y_1988,y_1989,y_1990,y_1991,y_1992,y_1993,Y_1994,y_1995,y_1996,y_1997,y_1998,y_1999,y_2000,y_2001,y_2002,y_2003,y_2004,y_2005,y_2006,y_2007,y_2008,y_2009,y_2010,y_2011,y_2012,y_2013,y_2014,y_2015,y_2016,y_2017,y_2018,y_2019
1,China,CHN ,834.271,996.65,1355.004,1456.04991,1864.59983,2549.46954,3225.457082,3745.017037,4320.471645,4577.992162,5277.335309,6443.545589,7216.06552,9805.206049,11067.90219,13805.20115,15194.0291,19159.37745,22837.52799,26795.80506,30427.56578,36886.58779,37343.94268,40923.57616,43919.33875,46442.35528,49570.57342,54460.00207,64377.15146,62323.16915,67448.49916,78303.08758,82841.71216
2,United States,USA ,10820.323,12121.967,15206.514,15983.1798,15816.68618,16390.62211,17301.42617,19018.72746,21252.19038,22938.16581,23762.42983,27457.78142,27410.79101,30261.35755,27747.07186,29487.75597,26922.80964,26949.60087,28181.76152,32145.92602,33278.38469,37910.55885,35325.88444,36378.27321,40711.59793,43310.11822,41003.49267,43391.76404,49372.25903,44953.5604,47331.93812,50864.93788,55532.51401
3,Japan,JPN ,8605.886,9601.499,11768.902,10641.23295,10018.17242,11377.08787,13263.95301,13649.56967,13585.79101,11696.98305,12807.19327,14821.94199,15593.43213,17034.49653,17150.61436,17240.12088,17810.40105,18405.64163,18917.19233,19112.27154,19828.66346,22491.02146,18777.87452,20573.47864,20078.83661,21420.45276,21608.57835,20095.80704,23027.15126,22823.68513,24812.99296,26987.55465,26357.17838
4,Germany,DEU,3130.72,3215.265,3739.115,3828.421334,3584.85705,3706.086275,4042.043774,4540.279529,5676.358316,5228.30408,5330.317925,6663.598364,6710.601302,6889.034411,7859.738694,8487.867482,9050.065813,9399.665103,9902.032452,10221.96691,11674.71699,13561.99052,12519.82685,12640.02702,12677.91634,13402.83038,14132.66079,14742.82575,15569.77274,16471.82198,16991.89263,18771.63892,18183.63119
5,Thailand,THA,509.124,596.471,822.311,852.803585,887.411213,1054.844332,1133.793313,1240.56255,1424.437723,1453.518297,1710.946715,2150.888417,2690.264611,3496.477231,3505.774653,3945.675701,4292.913252,4700.106689,5825.726433,7692.468738,9807.356619,12441.15947,14159.17932,13265.71634,11065.9842,13084.97606,14287.43509,13266.02842,15804.57262,16878.39767,17213.32728,17913.66704,17385.42425
6,United Kingdom,GBR,5091.309,5684.175,6419.159,6377.939091,5871.530141,6340.200229,6774.422731,7477.928245,8376.361168,9030.069371,8892.589901,9333.228374,8843.940168,11408.90853,10336.21336,10135.00355,9883.456387,10526.57985,11134.54723,10861.9264,13425.41344,15973.17325,12160.82798,12160.16848,13186.17113,13162.21992,13229.63347,13491.49123,15221.70327,14868.64476,15486.16535,16518.4149,17246.24534
7,Singapore,SGP,1335.48,1642.15,2069.223,1959.903549,2144.407353,2195.154306,2515.857932,3116.11992,3724.458088,3917.301574,3576.117876,4114.645063,6045.710866,5764.532636,6174.653735,6723.314107,6667.412573,8800.147431,11634.61597,14851.59923,14903.01753,21139.66107,14723.40305,14106.60814,17893.3901,18712.42854,17902.79208,17583.73022,14740.85175,12364.53817,13375.9018,17257.64512,16294.41007
8,New Zealand,NZL,2246.191,2605.651,2953.162,3020.396971,3093.319113,3427.896227,3896.932775,4280.207221,4618.473719,4770.908798,4903.085665,5317.461103,5622.574147,6135.449691,6568.070869,6721.490205,7058.161253,7350.003575,7607.784061,8001.21074,9117.695112,10745.43974,9944.483508,10315.6076,10970.50873,10576.31298,11107.59198,11906.58126,12012.66678,12378.16631,13570.62364,14289.00656,14541.92995
9,Republic of Korea,KOR,1069.689,1180.952,1437.671,1288.167527,1362.37359,1656.085122,2047.687663,1996.294841,2540.655369,2612.72984,3241.231538,4477.264515,4111.474082,5077.688109,4987.649002,5087.877341,5177.929081,5265.926554,5520.359516,7332.174495,6356.84797,6885.939063,7009.092851,7633.907903,7600.143991,10517.7828,11414.6662,13265.98874,16168.88279,11869.98362,31746.6413,14455.04683,13096.19844
10,Malaysia,MYS,648.926,828.676,1004.662,925.902652,1040.52106,1264.431271,1419.527571,1669.765028,2072.069563,2244.177222,2754.961457,3451.691453,3984.817451,5115.356388,4687.305859,4597.828138,4938.204823,6361.237699,6966.588508,7670.993618,8450.299138,10101.52995,8617.073729,10328.12089,9978.971648,11007.84501,11069.2532,12755.5771,11256.95933,10276.25955,12175.72449,13971.42134,12252.95485
11,Italy (d),ITA,1534.915,1605.127,1943.338,1861.195463,1620.774549,1685.727466,1785.85215,2193.385951,2579.31711,2767.788061,2885.090035,3350.205831,3329.845163,3620.189078,3958.339152,4359.149817,4708.764368,5135.537463,5094.748402,5453.713381,5908.852898,6524.435658,5935.228618,6193.185359,6523.166123,6711.956232,7420.93817,7729.161786,7626.507326,7795.881497,8412.105861,9576.292285,9809.682069
12,Indonesia,IDN,669.233,572.169,712.319,749.794206,1161.476093,1535.051649,1580.865857,1474.016721,1860.543893,2511.804893,3245.308571,4565.074259,3578.777924,3601.626475,4926.400779,5141.614206,4760.552678,4760.560336,4658.978145,5176.528577,5767.94218,6604.300522,6358.750279,7569.599501,8651.346982,9098.64078,8886.232566,9345.097243,8834.253443,8598.646297,7780.338271,9056.691258,9654.351892
13,France (c),FRA,1003.72,1229.447,1541.888,1470.313866,1566.46464,1719.020394,1718.184591,1894.752585,2172.434086,2222.764096,2259.231273,2485.068357,2555.528903,2762.248506,2971.121947,3761.267894,4441.353969,5177.568188,5786.829654,4858.548067,5560.416292,7653.021096,6434.83148,6664.492988,7282.501625,6088.322764,6422.617967,6632.310145,6575.111816,6650.732257,7058.554777,7759.295566,8658.256115
14,Vietnam,VNM,0,0,0,0,0,0,0,0,0,0,0,0,1481.673207,2397.699495,2333.483843,2632.271987,2653.7049,2907.350644,3859.562385,5469.784313,5250.016774,6008.272078,3858.985532,3913.76868,3701.259654,4083.766767,4866.570304,5992.580284,5543.143474,5640.551531,6678.475308,7858.60023,7572.56415
15,India,IND,0,0,0,0,0,0,0,0,0,0,0,0,823.843994,1008.419906,1078.229928,1190.583341,1222.717428,1422.372608,1595.491161,1797.006122,2138.490348,2641.076237,2911.096952,2841.533452,3170.310585,3792.779611,4089.803505,4699.138257,6569.856837,6317.147477,7351.953224,8012.242874,7445.03918
16,Taiwan,TWN,1723.217,1854.224,2173.338,1846.172705,1954.576093,2216.020492,2423.99748,2593.21411,2729.336066,2704.606031,2812.886809,3096.598156,3127.632097,3665.1794,3176.956618,3522.180473,3549.59305,3832.934867,3888.231696,4418.554714,4582.427589,4657.637004,3518.880534,3866.388387,4008.840872,3963.496993,4279.551557,4773.205068,5056.546869,4686.060985,4723.938218,5404.603989,5869.680082
17,United Arab Emirates,ARE,0,0,0,0,0,0,0,0,0,0,0,0,0,973.293301,970.162062,432.065501,1055.090614,1038.715081,510.361998,2428.561351,3538.741576,3774.432841,3658.766787,4071.536097,6004.038745,5269.582542,5813.009827,4842.674863,4789.824328,4237.581315,4681.251187,5913.999222,5648.148469
18,Canada,CAN,921.012,1128.123,1451.671,1280.276422,1094.518912,1155.843178,1291.837823,1402.536327,1802.359095,1814.496124,1639.694122,1914.292032,2050.2011,2415.853676,2268.678093,2201.541662,2342.299954,2543.672249,2670.758531,3055.77163,3242.205887,4067.197612,3200.788085,2983.631075,3012.723073,3756.664195,3482.246895,3612.385611,3937.116741,3947.39895,4240.492608,4302.004083,4989.498044
19,Papua New Guinea,PNG,251.84,205.694,287.063,487.474423,930.178595,1226.489207,1456.33373,1263.454922,1316.192187,1356.02149,1165.080489,889.873815,1291.559253,1573.500779,1368.255685,1347.38912,1633.209287,1763.909769,2204.147461,2510.40426,2780.944639,3190.836326,3238.603241,3452.90583,4170.09322,3926.538234,3511.618881,4056.996966,3451.242907,3966.672722,3739.726369,3988.828963,4537.07944
20,Switzerland (f),CHE,636.476,653.43,682.201,773.937832,739.917789,918.71653,1060.286467,1279.405836,1509.355923,1456.218426,1550.37331,1748.404833,1826.241535,2220.455109,2444.70549,2294.281839,2008.673712,2345.789892,2497.007608,2907.586398,2728.517226,3329.329294,3415.787649,3260.729384,3717.326547,3646.785537,3783.590186,3692.35743,3902.876671,4076.90878,3788.466683,4484.365209,4495.184315
21,Netherlands,NLD,795.414,852.778,829.314,848.408792,898.296852,1005.940592,1107.371528,1179.710104,1166.170884,1127.40166,1296.338905,1494.011426,1476.446322,1539.497817,1522.763838,1729.319351,1841.909685,2001.757664,1950.625919,2025.151132,2378.992526,2904.613106,2766.561539,2698.123481,3027.783805,3522.533452,3109.038212,3417.147582,3515.838284,3414.198609,3402.481066,4000.290349,4289.525942
22,Hong Kong (SAR of China),HKG,1393.284,1499.659,1638.501,1527.278074,1514.044229,1647.791127,1627.256005,1756.359989,2081.660894,1905.784276,2117.38561,2368.251736,2272.141146,2536.740826,3279.586596,3088.453965,2520.659789,2886.094518,3062.609461,3422.421737,3237.177508,3518.5433,3158.075508,3195.625645,3246.639122,3303.977402,3723.86192,3834.295107,4350.78394,3911.602566,3775.025675,4381.155356,4120.908271
23,Ireland,IRL,235.792,241.616,237.779,239.407609,255.826443,322.368885,361.781544,421.076533,575.838114,556.260718,787.988008,1108.258948,1114.876446,1183.151373,1505.793864,1774.796367,1961.484602,2132.469391,2290.101563,2148.352351,2473.797838,2806.319917,3068.036488,3227.248222,3218.821462,2779.706855,2742.350469,2772.011153,3438.792093,4133.538406,3258.343115,3392.444049,3744.330334
24,Mexico,MEX,57.367,76.989,101.859,100.743397,91.633154,94.5439,108.720754,129.414492,168.481945,170.815153,201.268786,350.46448,392.778373,484.646568,641.118308,539.797978,614.04854,717.091284,888.718793,1098.770866,1194.441424,1451.553281,1279.5948,1486.423476,1853.186045,2080.726648,2234.784609,2135.663852,2603.28911,2675.609071,3034.100513,3326.49757,3277.603935
25,Spain,ESP,0,0,0,0,0,0,0,0,0,0,0,0,0,0,0,0,0,0,0,0,1826.499684,2295.469434,1893.150396,1984.312561,2395.77124,3438.008549,3063.857353,3593.949862,2559.200984,2436.776831,2487.652445,2881.624519,3014.948593
26,Sweden,SWE,825.58,885.97,1040.65,1027.893479,861.045402,1114.713338,1145.387273,1371.594009,1736.250449,1652.440429,1691.338639,1647.076774,1798.194431,1742.364437,1619.332851,1842.044402,1909.170521,1918.624619,2189.46141,2607.710318,2464.413304,2778.047576,2314.663549,2407.949359,2693.477123,2552.16406,2276.218878,2267.073059,2247.588361,2434.537526,2926.484258,3366.476911,2910.335994
27,Belgium (b),BEL,393.27,430.746,542.34,535.103005,460.080185,589.667509,636.275362,691.064501,872.030241,819.35524,823.260429,800.129683,799.573708,863.906682,880.765527,1042.081365,1239.602877,1259.620572,1423.907687,1632.40874,1687.099422,1985.138296,1666.209577,1640.540729,1749.384947,1784.383103,1803.259375,1863.529948,1739.658085,1820.35518,2117.458582,2246.362034,2032.87424
28,Austria,AUT,0,0,0,0,0,0,0,0,0,0,0,0,0,0,0,0,0,0,0,0,1132.852772,1264.869633,1147.72242,1050.001753,911.439665,999.303717,1060.13948,1178.029259,1273.017403,1588.496782,1738.168872,2049.005075,2017.790779
29,Philippines,PHL,173.729,190.05,251.893,205.399531,208.877143,240.86876,273.491411,331.26796,351.870416,432.507534,584.146368,601.231081,607.338656,744.728178,690.610343,995.02793,1004.990304,988.903569,1002.956348,1064.024049,1140.720655,1121.395954,953.689967,938.251299,998.335052,1231.104898,1593.471551,1930.501087,1607.433135,1722.656736,1592.574093,1647.884182,1871.046245
30,South Africa,ZAF,157.358,113.13,148.132,153.158191,124.617439,172.340676,296.228637,371.280236,485.423574,566.298797,623.637922,738.409777,794.30679,1035.116135,1054.71082,1217.886584,1436.274089,1560.827245,1867.344695,1953.379017,1749.35075,2103.656393,1416.652013,1741.767115,1445.182264,1470.782456,1485.008813,1509.728019,1813.884196,1794.67836,1774.928754,1789.737576,1837.970866
31,Fiji,FJI,157.161,205.99,276.229,284.745144,264.094666,281.997795,319.155956,341.2901,378.924553,515.150749,540.50394,733.390757,843.1148,605.424987,601.909776,723.485959,775.434867,870.211329,895.312667,874.489931,792.957004,1007.833155,1013.968377,1186.790509,1283.160238,1291.392211,1384.819553,1449.26714,1559.041131,1508.445315,1493.547456,1714.882254,1793.557104
32,Denmark,DNK,0,0,0,0,0,0,0,0,0,0,0,0,0,0,0,0,0,0,0,0,983.631543,1355.856022,1587.211802,1506.221292,1514.974592,1663.301347,1665.76694,1756.610342,1958.00896,1828.625104,1683.500708,1830.469872,1750.039981
33,Turkey,TUR,0,0,0,0,0,0,0,0,0,0,0,0,0,212.587373,270.5025,289.662352,295.263938,410.396022,458.174038,544.215287,545.301103,646.117033,649.036007,674.208935,694.499655,776.295978,905.575218,985.951474,1114.879723,1145.492482,995.562914,1262.405355,1432.699821
34,Finland,FIN,0,0,0,0,0,0,0,0,0,0,0,0,0,0,0,0,0,0,0,0,933.768882,1098.176126,764.355604,768.881779,997.622381,963.193092,873.913279,825.373708,790.921074,811.625176,924.847586,1179.400932,1384.251574
35,Poland,POL,0,0,0,0,0,0,0,0,0,0,0,0,0,0,0,0,0,0,0,0,343.245019,443.333816,460.673328,408.851093,481.104727,605.802791,674.909744,870.223006,860.832366,991.06991,1129.433031,1088.162168,1268.954689
36,Bangladesh,BGD,0,0,0,0,0,0,0,0,0,0,0,0,0,0,0,0,0,0,0,0,75.52934,97.718484,203.960917,198.19142,304.366773,445.180001,543.157381,657.503151,930.367457,969.531645,952.01073,1085.241917,1260.334913
37,Brunei,BRN,34.985,19.524,29.604,48.999093,78.066178,80.5848,32.767215,7.249821,32.819586,7.200271,8.657251,13.949714,108.968566,304.610147,445.257955,622.590202,616.890856,745.089838,766.578835,1207.564233,1199.366288,1352.578336,785.151393,1130.91619,1352.819888,1125.876429,932.505777,1001.632243,482.176386,376.247835,326.775355,818.526664,1259.760715
38,Israel,ISR,0,0,0,0,0,0,0,0,0,0,0,0,0,0,0,0,0,0,0,0,737.449857,950.220207,667.120689,721.948098,747.815841,801.574765,824.822569,841.760475,922.683034,950.866926,970.491183,998.375048,1129.690779
39,Brazil,BRA,0,0,0,0,0,0,0,0,0,0,0,0,0,676.794487,550.06467,494.046803,513.586749,584.018177,781.668704,909.66572,1010.792345,1369.598354,758.529267,875.790555,926.70254,771.101622,744.494315,865.566684,779.906446,939.573574,910.993701,1012.821323,1055.416248
40,Greece,GRC,230.268,208.262,275.242,273.465096,225.437446,221.002207,262.608486,305.609905,308.57951,305.823274,315.475179,370.053662,366.395873,465.923555,441.552132,674.059193,343.990494,391.722745,485.920991,468.614758,812.181203,855.681397,770.606032,876.139258,935.824782,991.132049,1098.719563,1183.642789,1277.595633,969.082786,927.745334,993.55185,1050.898755
41,Norway,NOR,0,0,0,0,0,0,0,0,0,0,0,0,0,0,0,0,0,0,0,0,821.294091,1034.350749,821.907315,874.80058,801.283659,876.832475,878.404627,901.135742,878.009998,815.122077,884.858033,983.294079,1046.214064
42,Algeria,DZA,0,0,0,0,0,0,0,0,0,0,0,0,0,0,0,0,0,0,0,0,158.646187,250.625079,158.73954,152.022339,289.982165,12.066226,90.751024,8.178398,8.080173,375.361328,434.88304,740.550994,905.128033
43,Argentina,ARG,0,0,0,0,0,0,0,0,0,0,0,0,0,118.106722,187.52798,201.049174,222.349216,205.759419,250.803887,273.089689,390.731975,529.269779,542.176605,436.439093,682.922814,764.084471,982.497323,896.832402,917.413844,783.625989,875.093341,834.146376,893.1947649
44,Libya,LBY,0,0,0,0,0,0,0,0,0,0,0,0,0,0,0,0,0,0,0,0,6.0124,20.016053,59.286511,364.317517,200.11184,1122.154127,762.513942,9.073038,21.001054,9.0028,56.016883,722.334104,880.054752
45,Chile,CHL,33.402,37.057,71.088,68.909164,51.193605,49.85626,44.706591,67.667717,119.543149,112.751414,125.404825,100.82523,84.341516,130.998984,167.094883,172.188203,202.102643,174.704389,239.661084,307.229369,593.776554,999.201932,893.238536,1162.329781,1184.486786,1456.201102,1251.817433,1222.597024,1145.780737,806.703771,762.883392,782.444815,860.4125561
46,Czech Republic,CZE,0,0,0,0,0,0,0,0,0,0,0,0,0,0,0,0,0,0,0,0,254.640502,404.116928,272.449881,301.035145,419.770732,471.790078,693.635533,672.258959,883.112357,784.478543,748.751526,746.393221,821.39617
47,Hungary,HUN,0,0,0,0,0,0,0,0,0,0,0,0,0,0,0,0,0,0,0,0,366.224556,450.204065,472.897916,481.515703,445.619314,356.894983,363.50097,528.106015,597.64077,628.379651,655.581439,654.311226,791.812689
48,Sri Lanka,LKA,0,0,0,0,0,0,0,0,0,0,0,0,0,0,0,0,0,0,0,0,185.87708,198.63306,233.233835,268.248835,299.398081,328.961666,383.197516,383.778749,403.577114,451.388186,562.028988,690.509769,648.914334
49,Saudi Arabia,SAU,0,0,0,0,0,0,0,0,0,0,0,0,0,1466.613037,1300.686818,1228.327313,945.144278,1059.451806,1370.747399,1268.152505,1074.838071,952.89989,689.620461,456.83081,444.199755,535.842878,311.436261,474.836186,494.290461,496.207904,463.501169,662.961882,591.724424
50,Nigeria,NGA,0,0,0,0,0,0,0,0,0,0,0,0,0,0,0,0,0,0,0,0,8.178132,12.822715,270.093555,796.918454,2057.469412,2647.522469,1883.643405,1628.373802,14.620914,19.210498,533.203846,651.974697,584.655034
51,Russian Federation (e),RUS,107.515,133.391,164.111,139,124,190.317932,250.437797,211.46482,169.861252,112.744382,31.577487,70.804411,48.195098,88.58325,110.526066,135.083096,68.829134,104.881106,161.833799,147.832158,247.51472,714.727933,452.851588,480.286565,1107.563751,976.545689,1203.20282,1445.155642,432.350745,307.204269,514.224667,393.3286781,556.7837644
52,Pakistan,PAK,0,0,0,0,0,0,0,0,0,0,0,0,0,0,0,0,0,0,0,0,201.292307,219.590093,222.938638,226.525722,248.624575,265.231732,281.862875,296.164745,376.682872,468.242278,444.991359,491.779407,533.952399
53,Cambodia,KHM,0,0,0,0,0,0,0,0,0,0,0,0,0,0,0,0,0,0,0,0,106.623887,107.628924,113.784393,128.194106,170.243776,202.268279,250.558546,299.265452,359.044183,423.057335,389.245975,393.001932,483.127921
54,Slovak Republic,SVK,0,0,0,0,0,0,0,0,0,0,0,0,0,0,0,0,0,0,0,0,144.887539,221.692922,121.784363,165.705313,177.109997,243.088062,354.025804,417.456146,478.375144,342.303187,350.418044,266.773732,478.043905
55,Portugal,PRT,0,0,0,0,0,0,0,0,0,0,0,0,0,0,0,0,0,0,0,0,227.807712,214.414864,171.3852,191.989138,209.083289,212.536501,209.413344,222.860304,273.002481,276.706117,301.828901,373.505971,362.412266
56,Peru,PER,0,0,0,0,0,0,0,0,0,0,0,0,32.184736,79.765156,79.342497,88.325279,102.728918,85.098918,90.336569,98.089356,198.053379,175.332526,232.602867,217.920471,175.111788,190.600339,272.27009,271.72166,275.604345,500.514737,519.569799,506.694895,342.062307
57,Lebanon,LBN,0,0,0,0,0,0,0,0,0,0,0,0,0,0,0,0,0,0,0,0,14.312177,195.556637,313.523048,248.983844,270.75514,217.35915,186.221574,175.66821,220.190697,293.500884,277.099956,324.266076,327.991134
58,Puerto Rico,PRI,0,0,0,0,0,0,0,0,0,0,0,0,0,0,0,0,0,0,0,0,451.804583,446.034149,458.985611,626.176162,628.064622,624.552229,495.857617,373.870394,427.021602,332.47249,308.990472,398.420415,319.348379
59,Qatar,QAT,0,0,0,0,0,0,0,0,0,0,0,0,0,0,0,0,0,0,0,0,258.135754,420.858449,461.662715,548.058749,643.715958,871.253302,982.990774,929.642489,949.176353,896.974781,960.454817,1120.633197,308.279676
60,Estonia,EST,0,0,0,0,0,0,0,0,0,0,0,0,0,0,0,0,0,0,0,0,12.284477,20.582601,19.23418,42.270794,52.684224,41.049441,50.655638,42.319875,67.654418,80.15303,101.74577,170.988365,281.366584
61,Bermuda,BMU,0,0,0,0,0,0,0,0,0,0,0,0,0,0,0,0,0,0,0,0,0.007387,0.006841,0.755368,2.684524,252.593398,388.722882,319.644343,276.012835,339.097889,236.289897,258.211427,289.043359,260.213894
62,Cyprus,CYP,0,0,0,0,0,0,0,0,0,0,0,0,0,0,0,0,0,0,0,0,85.480076,103.180656,106.121226,126.156187,158.942394,169.499451,190.232411,269.31289,269.20135,239.777634,207.954224,256.682086,242.654431
63,Vanuatu,VUT,0,0,0,0,0,0,0,0,0,0,0,0,0,0,0,0,0,0,0,0,158.084522,181.046279,220.547713,189.121528,173.984189,172.74524,189.073281,180.029715,142.527234,154.695088,195.676555,227.721889,242.538089
64,Romania,ROU,0,0,0,0,0,0,0,0,0,0,0,0,0,0,0,0,0,0,0,0,45.842809,89.231782,59.969889,59.109428,74.512086,76.894198,94.962283,160.111419,150.889557,260.419005,182.283094,227.828892,234.021465
65,Egypt,EGY,0,0,0,0,0,0,0,0,0,0,0,0,0,0,0,0,0,0,0,0,143.098759,222.376406,211.474506,221.194331,155.769915,163.799731,103.621528,144.584802,124.956413,127.29534,124.244906,172.540069,218.383944
66,Colombia,COL,0,0,0,0,0,0,0,0,0,0,0,0,0,0,0,0,0,0,0,0,43.459184,52.53543,60.330391,64.399645,81.789562,80.221601,111.507995,134.232779,140.414614,152.195866,187.384407,172.252681,205.430544
67,Luxembourg,LUX,0,0,0,0,0,0,0,0,0,0,0,0,0,0,0,0,0,0,0,0,27.316626,28.859972,39.506043,33.43694,28.779889,38.536434,64.143819,63.346959,72.548276,135.789859,225.929179,279.376603,195.949505
68,Mauritius,MUS,0,0,0,0,0,0,0,0,0,0,0,0,0,0,0,0,0,0,0,0,112.133207,146.43886,85.709541,106.197497,109.924995,103.385378,118.203845,120.74745,162.717001,161.583131,140.914204,178.213974,185.475457
69,Kuwait,KWT,0,0,0,0,0,0,0,0,0,0,0,0,0,0,0,0,0,0,0,0,315.844175,502.712742,369.340078,377.797078,443.487522,475.844331,422.801796,109.194382,22.978751,32.973686,108.106119,227.696952,183.085548
70,Solomon Islands,SLB,0,0,0,0,0,0,0,0,0,0,0,0,0,0,0,0,0,0,0,0,185.478963,174.148423,154.936921,151.440775,235.714405,286.720135,250.284627,191.702125,130.15599,129.607252,127.007451,147.276983,180.082205
71,Slovenia,SVN,0,0,0,0,0,0,0,0,0,0,0,0,0,0,0,0,0,0,0,0,67.60299,69.999499,53.280967,58.970578,72.943597,72.650084,103.490493,118.856715,144.497348,149.798463,172.301923,172.08301,178.107631
72,Republic of Congo,COD,0,0,0,0,0,0,0,0,0,0,0,0,0,0,0,0,0,0,0,0,75.963462,3.146283,3.066891,205.941772,687.589235,903.095067,951.238368,875.632863,137.171582,270.559762,316.643966,514.242561,164.948487
73,Nepal,NPL,0,0,0,0,0,0,0,0,0,0,0,0,0,0,0,0,0,0,0,0,25.462264,37.9543,48.369598,50.572283,54.324744,64.928817,87.327374,92.887122,78.134674,87.264206,116.470366,154.582749,160.718967
74,Timor-Leste,TLS,0,0,0,0,0,0,0,0,0,0,0,0,0,0,0,0,0,0,0,0,90.644486,117.00054,115.235186,115.860398,132.148254,139.549173,124.24286,117.966359,119.320318,117.890429,115.559315,123.931884,158.312343
75,Kenya,KEN,0,0,0,0,0,0,0,0,0,0,0,0,0,0,0,0,0,0,0,0,55.313933,50.58833,57.524944,75.189811,86.07206,85.526608,105.538815,90.648721,115.202462,102.294422,117.641913,150.864884,158.034021
76,Iran,IRN,0,0,0,0,0,0,0,0,0,0,0,0,0,0,0,0,0,0,0,0,77.428513,160.18014,104.132974,234.982172,129.240313,92.793855,103.303644,114.338897,128.355683,197.977845,148.54757,169.984683,157.508803
77,Costa Rica,CRI,0,0,0,0,0,0,0,0,0,0,0,0,0,0,0,0,0,0,0,0,64.224748,126.118394,101.042976,121.372515,140.801206,157.263207,157.660552,150.601014,127.215838,129.175592,136.718374,149.976459,154.434675
78,Malta,MLT,0,0,0,0,0,0,0,0,0,0,0,0,0,0,0,0,0,0,0,0,110.453044,141.960136,125.542012,131.098139,126.212184,133.955267,149.29363,162.813388,158.707958,96.281136,123.358854,118.50743,138.863177
79,Croatia,HRV,0,0,0,0,0,0,0,0,0,0,0,0,0,0,0,0,0,0,0,0,115.886807,150.671784,155.607742,148.561236,153.09878,170.641644,175.128969,200.629253,196.073319,148.138088,129.158078,146.35622,138.04825
80,Samoa,WSM,0,0,0,0,0,0,0,0,0,0,0,0,0,0,0,0,0,0,0,0,155.554973,132.406171,106.349198,108.423838,97.542094,101.577828,104.657991,101.357623,115.583981,126.948605,109.792968,126.263284,126.167741
81,Jordan,JOR,0,0,0,0,0,0,0,0,0,0,0,0,0,0,0,0,0,0,0,0,25.518344,45.685153,34.172805,39.881589,43.989454,47.967687,47.436451,57.144912,74.875339,65.404447,53.744812,102.464352,120.21118
82,Myanmar,MMR,0,0,0,0,0,0,0,0,0,0,0,0,0,0,0,0,0,0,0,0,39.663854,34.086793,43.628057,30.700888,33.894014,58.385035,72.258612,77.072522,103.50936,101.564787,117.355465,98.776306,119.2411845
83,Yemen,YEM,0,0,0,0,0,0,0,0,0,0,0,0,0,0,0,0,0,0,0,0,2.011832,3.566348,2.055662,0.22324,1.035165,1.050634,0.029381,0.316435,0.123283,0.02263,0.020143,0.050293,119.046143
84,Morocco,MAR,0,0,0,0,0,0,0,0,0,0,0,0,0,0,0,0,0,0,0,0,58.055845,241.544216,52.154809,75.556273,117.416435,66.823646,62.094122,115.149703,63.220034,89.02012,94.34972,94.958162,117.062904
85,Bulgaria,BGR,0,0,0,0,0,0,0,0,0,0,0,0,0,0,0,0,0,0,0,0,43.100462,56.129152,36.278713,50.459643,48.378339,51.496115,60.381957,65.611019,72.112287,81.557328,76.164557,89.39766,116.592663
86,Serbia,SRB,0,0,0,0,0,0,0,0,0,0,0,0,0,0,0,0,0,0,0,0,0,0,9.626708,51.914179,92.346034,98.726436,109.271106,118.917956,124.214913,112.805568,96.92836,106.025116,114.733354
87,Ukraine,UKR,0,0,0,0,0,0,0,0,0,0,0,0,0,0,0,0,0,0,0,0,50.42315,154.051131,56.24502,56.263369,61.014874,80.783173,74.71549,45.816747,41.678357,57.13948,45.57168,89.528528,110.685721
88,New Caledonia,NCL,0,0,0,0,0,0,0,0,0,0,0,0,0,0,0,0,0,0,0,0,161.926089,154.810601,149.70445,180.133704,272.012874,164.12122,178.582744,257.248097,208.939909,101.990574,93.979304,121.649693,108.444762
89,Lithuania,LTU,0,0,0,0,0,0,0,0,0,0,0,0,0,0,0,0,0,0,0,0,34.989863,33.134668,31.762351,22.893877,46.69066,57.793037,55.044203,38.947968,51.013141,51.683794,66.639789,111.434266,105.801625
90,Bahrain,BHR,0,0,0,0,0,0,0,0,0,0,0,0,0,0,0,0,0,0,0,0,168.123826,237.498401,97.215214,55.902996,120.348343,72.507362,80.48772,73.596762,94.587926,68.720269,95.389935,102.0521301,92.53948514
91,Maldives,MDV,0,0,0,0,0,0,0,0,0,0,0,0,0,0,0,0,0,0,0,0,20.767441,22.048537,17.379309,18.920182,30.385306,35.876627,34.960883,32.831477,28.73009,33.552482,57.705198,98.935005,87.947723
92,Afghanistan,AFG,0,0,0,0,0,0,0,0,0,0,0,0,0,0,0,0,0,0,0,0,11.110519,14.416473,25.191071,47.162054,59.731869,53.660146,55.063792,51.446075,49.39073,52.298626,58.354311,72.485424,81.640088
93,Ethiopia,ETH,0,0,0,0,0,0,0,0,0,0,0,0,0,0,0,0,0,0,0,0,19.679672,24.243194,31.590028,27.680247,35.317189,36.368879,35.281536,45.18859,56.969685,52.309357,54.436857,66.044162,80.324563
94,Gabon,GAB,0,0,0,0,0,0,0,0,0,0,0,0,0,0,0,0,0,0,0,0,0.110491,0.145073,0.437202,397.429508,910.245285,1121.372926,977.993165,1143.067696,597.672952,604.638251,571.973377,462.434735,80.121152
95,Mauritania,MUS,0,0,0,0,0,0,0,0,0,0,0,0,0,0,0,0,0,0,0,0,5.035951,2.057731,2.016461,1.002249,2.028548,1.113095,0.02139,1.015576,1.075565,1.210526,2.020243,2.093998,78.629949
96,Zimbabwe,ZWE,0,0,0,0,0,0,0,0,0,0,0,0,0,0,0,0,0,0,0,0,26.014453,19.062152,34.256858,42.249731,43.027282,44.053719,42.262986,37.374185,51.035898,57.834395,53.503066,76.737311,75.474618
97,Honduras,HND,0,0,0,0,0,0,0,0,0,0,0,0,0,0,0,0,0,0,0,0,13.022846,13.550685,14.098023,17.086518,22.379234,21.230138,34.678838,67.515519,53.469191,27.232009,41.98922,82.380866,74.189299
98,Macau (SAR of China),MAC,0,0,0,0,0,0,0,0,0,0,0,0,0,0,0,0,0,0,0,0,25.885119,36.984693,33.759725,31.463209,24.778522,26.41767,29.216781,49.084364,75.298531,52.670346,41.824178,88.277172,73.627537
99,Cook Islands,COK,0,0,0,0,0,0,0,0,0,0,0,0,0,0,0,0,0,0,0,0,30.135104,29.106447,36.100915,44.1894,38.136168,45.121534,46.411506,49.512716,43.244463,50.697468,65.202774,74.499459,73.208405
100,Iraq,IRQ,0,0,0,0,0,0,0,0,0,0,0,0,0,0,0,0,0,0,0,0,19.001215,85.545482,33.013124,33,39.110634,64.006499,57.007926,52.488477,62.08626,64.089728,47.041806,57.233009,73.097018
101,Tanzania,TZA,0,0,0,0,0,0,0,0,0,0,0,0,0,0,0,0,0,0,0,0,30.466233,39.566015,36.084092,46.254861,49.800227,57.916572,51.601016,77.759089,45.023198,47.60939,52.237742,62.994514,71.322241
102,Ghana,GHA,0,0,0,0,0,0,0,0,0,0,0,0,0,0,0,0,0,0,0,0,20.36719,22.390727,18.947447,29.927432,30.075453,30.004221,30.226698,153.633874,30.032322,32.101124,33.909797,31.649521,66.582409
103,Laos,LAO,0,0,0,0,0,0,0,0,0,0,0,0,0,0,0,0,0,0,0,0,34.094262,35.814761,31.978566,29.043653,44.002806,85.298574,89.494184,40.462877,37.77672,41.350101,47.610307,56.908843,63.331905
104,Tonga,TON,0,0,0,0,0,0,0,0,0,0,0,0,0,0,0,0,0,0,0,0,35.483445,38.938712,40.724714,36.490656,34.442192,35.772012,39.388916,38.387017,42.410224,49.02663,50.024627,58.277296,58.718346
105,Ecuador,ECU,0,0,0,0,0,0,0,0,0,0,0,0,0,0,0,0,0,0,0,0,25.552891,31.728779,31.44702,28.700736,30.574683,40.259152,52.210409,44.786534,66.409724,61.679773,58.558199,56.647198,58.601407
106,Zambia,MOZ,0,0,0,0,0,0,0,0,0,0,0,0,0,0,0,0,0,0,0,0,8.509046,15.117756,15.096195,32.347911,18.040656,12.212337,19.114727,15.13965,17.381482,15.582896,16.593392,39.013916,58.218838
107,Dominican Republic,DOM,0,0,0,0,0,0,0,0,0,0,0,0,0,0,0,0,0,0,0,0,22.205489,21.35392,20.14424,22.304002,20.361636,24.637835,28.665714,30.820548,37.755484,74.748149,63.22343,50.048634,52.832388
108,Oman,OMN,0,0,0,0,0,0,0,0,0,0,0,0,0,0,0,0,0,0,0,0,16.439285,28.819453,115.23039,50.044883,71.887151,38.034424,92.418395,111.281999,221.268793,177.151455,155.153289,92.406492,52.464351
109,Liberia,LBR,0,0,0,0,0,0,0,0,0,0,0,0,0,0,0,0,0,0,0,0,2.077061,1.032684,4.144993,20.073898,3.027846,2.221504,2.116498,2.392402,11.023746,47.05355,44.501615,48.074686,46.00859
110,Tunisia,TUN,0,0,0,0,0,0,0,0,0,0,0,0,0,0,0,0,0,0,0,0,13.072279,50.899228,17.525032,18.786355,19.010878,19.253816,21.960337,23.65675,32.108395,34.803434,32.793678,40.293942,45.526519
111,Latvia,LVA,0,0,0,0,0,0,0,0,0,0,0,0,0,0,0,0,0,0,0,0,9.303893,10.373251,8.958799,11.311255,10.268216,13.073646,22.198178,26.202473,30.347234,25.03219,28.57982,75.677173,43.814235
112,Cuba,CUB,0,0,0,0,0,0,0,0,0,0,0,0,0,0,0,0,0,0,0,0,16.757488,16.853696,13.765229,13.622976,11.943388,21.395103,26.597459,25.910124,37.543352,69.440816,55.345805,38.768374,43.419485
113,North Macedonia,MKD,0,0,0,0,0,0,0,0,0,0,0,0,0,0,0,0,0,0,0,0,4.113184,4.315552,4.988482,4.321212,73.498973,81.609388,94.276522,84.691972,87.101155,51.649338,42.240173,44.256118,42.563052
114,Bosnia-Herzegovina,BIH,0,0,0,0,0,0,0,0,0,0,0,0,0,0,0,0,0,0,0,0,2.946851,2.205562,2.53084,2.569685,45.621711,50.352675,48.639339,55.724176,52.262828,52.660955,41.144917,40.903449,41.106078
115,namibia,NAM,0,0,0,0,0,0,0,0,0,0,0,0,0,0,0,0,0,0,0,0,15.116406,17.97399,18.261343,20.002029,15.269132,21.22161,17.559211,20.050956,25.943556,22.026874,28.058469,85.524079,40.480583
116,Guatemala,GTM,0,0,0,0,0,0,0,0,0,0,0,0,0,0,0,0,0,0,0,0,8.421851,9.547238,10.67923,9.651203,15.028587,18.598726,15.133587,19.651347,34.675211,26.198948,31.570887,32.560731,39.836701
117,Iceland,IRL,0,0,0,0,0,0,0,0,0,0,0,0,0,0,0,0,0,0,0,0,29.835205,28.764417,16.503449,16.801857,16.514218,16.589078,21.024855,34.621478,41.129022,37.114598,25.404563,31.930926,36.175343
118,Gibraltar,GIB,0,0,0,0,0,0,0,0,0,0,0,0,0,0,0,0,0,0,0,0,1.010696,0,0.001438,0.001035,3.184399,2.093428,1,1.36178,0.024863,0.022801,5.103205,23.041253,35.013844
119,Uganda,UGA,0,0,0,0,0,0,0,0,0,0,0,0,0,0,0,0,0,0,0,0,18.069075,17.696328,20.22446,20.645183,19.896241,19.173438,20.868783,18.545329,21.09325,23.588984,30.12427,29.601494,34.763628
120,Madagascar,MDG,0,0,0,0,0,0,0,0,0,0,0,0,0,0,0,0,0,0,0,0,1.516953,4.733108,4.625945,4.415013,4.149555,8.291618,11.226991,9.368888,14.135778,15.083076,26.316886,41.485143,34.103336
121,French Polynesia,PYF,0,0,0,0,0,0,0,0,0,0,0,0,0,0,0,0,0,0,0,0,26.639747,26.59342,18.97154,19.88533,23.481181,24.703653,21.763722,29.853777,30.852191,33.763213,36.039196,33.476244,33.467449
122,Uruguay,URY,0,0,0,0,0,0,0,0,0,0,0,0,0,0,0,0,0,0,0,0,38.722028,31.942127,40.326857,29.753381,28.814216,34.904283,39.075509,49.946376,37.721553,37.050185,46.013098,21.758983,33.064815
123,Belarus,BLR,0,0,0,0,0,0,0,0,0,0,0,0,0,0,0,0,0,0,0,0,11.915191,14.890201,12.472301,6.374783,5.577717,7.712404,8.290969,6.297911,6.718991,6.075699,7.035046,23.9333,31.032424
124,Botswana,BWA,0,0,0,0,0,0,0,0,0,0,0,0,0,0,0,0,0,0,0,0,10.048765,13.073754,11.039621,13.026891,14.601349,15.037263,15.674663,14.011176,11.049983,22.077923,22.18235,27.246595,30.558071
125,Venezuela,VEN,0,0,0,0,0,0,0,0,0,0,0,0,0,0,0,0,0,0,0,0,9.180017,11.116434,9.368436,9.589659,4.498595,10.977243,13.434312,43.02496,25.422077,21.091785,45.281445,75.083268,29.814217
126,Bolivia,BOL,0,0,0,0,0,0,0,0,0,0,0,0,0,0,0,0,0,0,0,0,9.029313,11.256489,16.550791,14.51923,20.194451,16.960019,29.765817,35.844537,27.698916,19.714907,20.967683,22.179886,26.680315
127,Sudan,SDN,0,0,0,0,0,0,0,0,0,0,0,0,0,0,0,0,0,0,0,0,0,0,0,0,0,29.010094,27.20341,19.191292,27.920817,21.733782,16.107602,21.118236,26.467794
128,nauru,NRU,0,0,0,0,0,0,0,0,0,0,0,0,0,0,0,0,0,0,0,0,13.140032,16.204641,5.582604,9.79068,13.80735,18.702609,43.55902,49.600591,49.961519,35.331151,32.76771,29.200561,24.72019
129,Panama,PAN,0,0,0,0,0,0,0,0,0,0,0,0,0,0,0,0,0,0,0,0,2.435998,1.625259,1.978163,2.379622,38.385545,31.264195,21.75118,17.799224,18.939239,12.670777,15.525665,25.240445,24.538089
130,Marshall Islands,MHL,0,0,0,0,0,0,0,0,0,0,0,0,0,0,0,0,0,0,0,0,50.44096,51.905573,41.80213,52.450829,58.591205,76.743223,44.374507,20.562192,14.481787,18.602555,26.169188,33.886196,24.074603
131,Nicaragua,NIC,0,0,0,0,0,0,0,0,0,0,0,0,0,0,0,0,0,0,0,0,10.58476,10.473028,11.297212,9.940452,10.620222,15.398771,15.342889,20.178031,22.09379,25.53831,28.320895,23.076511,21.651274
132,Mongolia,MNG,0,0,0,0,0,0,0,0,0,0,0,0,0,0,0,0,0,0,0,0,4.602139,4.162754,4.35258,9.135108,11.582674,21.845652,19.465568,13.3048,19.676759,11.709509,12.509407,18.371006,20.330953
133,Seychelles,SYC,0,0,0,0,0,0,0,0,0,0,0,0,0,0,0,0,0,0,0,0,8.284811,8.722664,9.158747,12.834387,11.537275,10.291842,12.250329,9.263693,8.775261,12.016013,14.380777,20.098854,18.295608
134,El Salvador,SLV,0,0,0,0,0,0,0,0,0,0,0,0,0,0,0,0,0,0,0,0,10.532658,8.476566,13.190803,12.105247,14.883576,17.501619,20.223744,30.083498,30.414834,20.589019,19.420033,20.695312,17.674876
135,Togo,TGO,0,0,0,0,0,0,0,0,0,0,0,0,0,0,0,0,0,0,0,0,0.059164,0.328177,0.058756,0.057167,0.058424,1.019694,0.019957,8.305168,12.660516,10.781832,28.199907,22.261081,17.521235
136,Cote d'Ivoire,CIV,0,0,0,0,0,0,0,0,0,0,0,0,0,0,0,0,0,0,0,0,13.298489,10.748164,20.150079,20.84496,23.020161,33.015878,9.26257,20.779033,28.628922,21.517659,22.860499,11.156842,15.488139
137,Syria,SYR,0,0,0,0,0,0,0,0,0,0,0,0,0,0,0,0,0,0,0,0,31.155919,34.418918,40.099297,41.179775,20.495959,9.446604,4.28622,3.856366,4.548756,6.505127,5.930316,11.622347,15.42816
138,Kazakhstan,KAZ,0,0,0,0,0,0,0,0,0,0,0,0,0,0,0,0,0,0,0,0,11.863689,35.745601,15.164174,22.762418,11.671183,9.492021,5.52507,6.356203,9.411504,9.974102,15.297603,13.299382,15.121069
139,American Samoa,ASM,0,0,0,0,0,0,0,0,0,0,0,0,0,0,0,0,0,0,0,0,9.917433,7.477623,9.185065,8.591058,8.305883,12.973806,8.034343,14.274523,14.180917,15.137248,13.309343,9.035613,15.118321
140,Cayman Islands,CYM,0,0,0,0,0,0,0,0,0,0,0,0,0,0,0,0,0,0,0,0,0.088485,4.047846,4.958674,5.040001,3.885055,2.643024,16.685576,6.257819,16.554329,11.927691,38.284558,9.351,14.154315
141,Mozambique,MOZ,0,0,0,0,0,0,0,0,0,0,0,0,0,0,0,0,0,0,0,0,4.691468,6.090108,8.801632,9.00607,22.679592,18.150747,5.732058,4.055774,4.344511,4.12057,31.86613,18.726406,14.093451
142,Albania,ALB,0,0,0,0,0,0,0,0,0,0,0,0,0,0,0,0,0,0,0,0,6.177158,4.291417,5.272011,8.364511,9.539587,10.289208,9.641416,12.851594,11.938413,8.471814,6.306081,16.910081,14.011186
143,Trinidad & Tobago,TTO,0,0,0,0,0,0,0,0,0,0,0,0,0,0,0,0,0,0,0,0,8.7296,28.412574,12.117496,11.913248,8.418737,10.554968,15.75531,14.456057,14.973835,15.942453,14.621572,26.574594,13.135255
144,Eswatini,SWZ,0,0,0,0,0,0,0,0,0,0,0,0,0,0,0,0,0,0,0,0,56.2579,60.20829,58.351649,64.257841,26.015005,4.30512,5.750884,4.0653,2.886524,5.560793,18.080384,15.332771,11.987091
145,Georgia,GEO,0,0,0,0,0,0,0,0,0,0,0,0,0,0,0,0,0,0,0,0,4.517974,5.56389,1.418409,2.577132,5.278922,7.359279,3.823029,6.834466,4.606291,5.879143,7.979169,7.719359,11.212325
146,Guinea,GIN,0,0,0,0,0,0,0,0,0,0,0,0,0,0,0,0,0,0,0,0,1.054465,3.065105,3.154341,9.005403,4.972579,5.258983,3.375674,5.150167,2.251759,8.104508,8.091105,9.26328,11.07831
147,Bahamas,BHS,0,0,0,0,0,0,0,0,0,0,0,0,0,0,0,0,0,0,0,0,12.563743,9.711412,13.594701,11.055755,10.384883,9.207137,9.657017,16.517425,20.480173,10.543873,10.249723,11.764435,9.892214
148,Rwanda,RWA,0,0,0,0,0,0,0,0,0,0,0,0,0,0,0,0,0,0,0,0,1.081767,3.010272,2.012246,2.03844,4.413723,2.928445,3.825489,3.991084,5.769425,6.527286,7.395855,7.281283,9.336573
149,Armenia,ARM,0,0,0,0,0,0,0,0,0,0,0,0,0,0,0,0,0,0,0,0,3.385238,1.828117,2.767445,1.605061,2.134432,2.196173,2.561042,3.267643,3.350522,4.311935,4.754701,7.378059,9.327943
150,Somalia,SOM,0,0,0,0,0,0,0,0,0,0,0,0,0,0,0,0,0,0,0,0,1.189384,2.036224,1.108284,1.248877,2.056941,2.019368,4.111872,5.057495,4.02531,13.481178,9.147022,9.216259,9.164806
151,Sierra Leone,SLE,0,0,0,0,0,0,0,0,0,0,0,0,0,0,0,0,0,0,0,0,2.529247,5.479032,6.50742,8.316756,12.963497,7.732605,19.487996,3.846912,4.349308,6.385069,19.132222,11.751781,9.142206
152,Senegal,SEN,0,0,0,0,0,0,0,0,0,0,0,0,0,0,0,0,0,0,0,0,3.44273,2.267481,2.859682,1.500436,2.521535,2.555671,4.283735,2.430023,1.483706,4.335347,4.868186,4.503556,9.080605
153,Bhutan,BTN,0,0,0,0,0,0,0,0,0,0,0,0,0,0,0,0,0,0,0,0,2.003015,4.014634,2,3.053636,4.054253,5.193941,4.542871,3.193712,3.407171,5.04227,5.184798,11.965166,8.668425
154,Kiribati,KIR,0,0,0,0,0,0,0,0,0,0,0,0,0,0,0,0,0,0,0,0,4.004812,5.069935,4.766081,4.539315,8.791891,12.08985,11.166984,13.262344,14.335827,10.209598,8.296879,9.055974,8.248932
155,Paraguay,PRY,0,0,0,0,0,0,0,0,0,0,0,0,0,0,0,0,0,0,0,0,4.314935,1.650302,2.920038,1.752562,1.367403,1.205853,2.792418,3.214862,3.251312,7.306008,5.347086,4.323121,7.978828
156,Jamaica,JAM,0,0,0,0,0,0,0,0,0,0,0,0,0,0,0,0,0,0,0,0,5.343055,5.491079,4.557664,3.281821,4.531507,4.447746,5.065369,5.569167,6.883705,7.207375,6.604602,6.359737,7.898139
157,Mali,MLI,0,0,0,0,0,0,0,0,0,0,0,0,0,0,0,0,0,0,0,0,13.575235,8.628424,6.233797,10.566578,6.263988,6.592302,4.463773,24.553232,10.614728,8.332008,4.07358,5.316983,7.511238
158,Uzbekistan,UZB,0,0,0,0,0,0,0,0,0,0,0,0,0,0,0,0,0,0,0,0,1.019475,1.014732,1.186396,2.55867,3.277188,3.510757,3.088763,3.807545,3.69585,2.023728,3.224988,2.197166,7.505866
159,Malawi,MWI,0,0,0,0,0,0,0,0,0,0,0,0,0,0,0,0,0,0,0,0,11.308547,4.858336,5.754574,9.77337,4.218391,3.163049,3.287662,6.058186,9.50252,7.040081,11.624134,7.034991,7.161553
160,Haiti,HTI,0,0,0,0,0,0,0,0,0,0,0,0,0,0,0,0,0,0,0,0,1.936716,1.449441,1.859721,3.615174,2.61061,1.900822,1.721519,1.366315,3.247963,3.288862,5.612602,3.901008,6.541473
161,Burundi,BDI,0,0,0,0,0,0,0,0,0,0,0,0,0,0,0,0,0,0,0,0,0,0.005525,1.07522,1,1.019729,1.294976,0.204723,1.365177,1.710938,2.500417,1.227385,3.986977,6.201671
162,Federated States of Micronesia,FSM,0,0,0,0,0,0,0,0,0,0,0,0,0,0,0,0,0,0,0,0,2.002354,2.013379,2.092795,2.004349,2.099084,4.004209,3.035676,3.089719,3.029628,4.01355,5.006101,5.009896,6.068376
163,Guam,GUM,0,0,0,0,0,0,0,0,0,0,0,0,0,0,0,0,0,0,0,0,39.951879,4.053823,4.124051,4.030679,3.288153,3.237946,2.083545,3.083695,5.293692,3.253318,2.697796,4.101985,4.901263
164,Barbados,BRB,0,0,0,0,0,0,0,0,0,0,0,0,0,0,0,0,0,0,0,0,5.868036,3.295093,3.389402,4.710365,5.978316,8.780082,11.009013,45.155727,16.578273,5.321528,13.346189,47.740842,4.524507
165,Montenegro,MNE,0,0,0,0,0,0,0,0,0,0,0,0,0,0,0,0,0,0,0,0,0,0,0.057494,2.155284,7.245571,9.189084,10.192542,8.367214,5.577057,5.425765,4.538488,4.479021,4.369188
166,Belize,BLZ,0,0,0,0,0,0,0,0,0,0,0,0,0,0,0,0,0,0,0,0,3.375757,2.139427,3.752531,1.385965,3.095548,2.415818,3.981789,4.328366,2.930177,0.805431,3.598807,1.920772,4.348333
167,Angola,AGO,0,0,0,0,0,0,0,0,0,0,0,0,0,0,0,0,0,0,0,0,3.058028,3.163733,4.028241,6.096991,13.296653,5.030621,35.919376,40.787891,33.630379,14.065835,1.664254,35.292113,4.098919
168,UK Virgin Islands,VGB,0,0,0,0,0,0,0,0,0,0,0,0,0,0,0,0,0,0,0,0,4.873346,3.728109,3.624137,4.204623,3.321783,4.7464,10.029595,13.569209,15.098151,9.617318,9.666672,7.211198,3.787187
169,Cameroon,CMR,0,0,0,0,0,0,0,0,0,0,0,0,0,0,0,0,0,0,0,0,1.280257,2.742013,4.008517,2.181243,5.68261,1.959277,1.587547,2.661892,2.879248,0.762727,1.882772,3.536963,3.61733
170,Reunion,REU,0,0,0,0,0,0,0,0,0,0,0,0,0,0,0,0,0,0,0,0,1.060798,2.073604,2.009443,5.057345,6.060029,4.022267,1.012652,2.15251,2.020047,3.224812,3.676309,4.244673,3.401804
171,Moldova,MDA,0,0,0,0,0,0,0,0,0,0,0,0,0,0,0,0,0,0,0,0,0.493255,1.751524,1.527749,1.738261,1.813306,2.886133,2.620999,1.406294,2.478255,2.229668,2.033817,3.280861,3.280662
172,Burkina Faso,BFA,0,0,0,0,0,0,0,0,0,0,0,0,0,0,0,0,0,0,0,0,1.033665,0.010063,1,2.002493,1.229505,2.036292,3,2.044238,1.048957,2.023079,2.263731,2.072522,3.085752
173,Niger,NGA,0,0,0,0,0,0,0,0,0,0,0,0,0,0,0,0,0,0,0,0,9.045035,7.187252,4.148185,4.634413,3.724335,3.939376,1.634479,2.292769,3.662474,2.641183,2.927025,4.576406,3.025162
174,Kyrgyzstan,KGZ,0,0,0,0,0,0,0,0,0,0,0,0,0,0,0,0,0,0,0,0,1.423379,2.295283,2.084853,1.038853,1.184476,1.144174,1.075048,1.261082,1.062111,1.053251,2.292528,1.242979,2.607973
175,Guyana,GUY,0,0,0,0,0,0,0,0,0,0,0,0,0,0,0,0,0,0,0,0,1.862419,0.967728,1.223895,0.783219,1.710455,1.700908,0.439671,1.410173,1.356871,1.391382,1.472037,2.278566,2.431931
176,Palau,PLW,0,0,0,0,0,0,0,0,0,0,0,0,0,0,0,0,0,0,0,0,1.031837,1.004488,1.006819,2.258692,3,4.001668,3.009592,2.016605,2.001377,1.00761,1.474962,1.173364,2.137505
178,Niue,NIU,0,0,0,0,0,0,0,0,0,0,0,0,0,0,0,0,0,0,0,0,0.031523,2.018835,2.042535,1.01014,1.021535,1.01035,2.002819,1.050011,2.028774,2.078782,2.010084,2.007386,2.023032
180,Christmas Island,CXR,0,0,0,0,0,0,0,0,0,0,0,0,0,0,0,0,0,0,0,0,5.511732,16.925103,0,2.498629,6.435977,6.35839,2.519443,6.464723,1.246352,2.852112,1.386753,1.232222,1.913081
181,Djibouti,DJI,0,0,0,0,0,0,0,0,0,0,0,0,0,0,0,0,0,0,0,0,0.113553,0.255921,0.171281,0.113981,1.345205,1.522214,0.400104,0.355489,1.142667,2.159267,1.867352,2.898645,1.900267
182,Democratic Republic of the Congo,COD,0,0,0,0,0,0,0,0,0,0,0,0,0,0,0,0,0,0,0,0,0.450093,1.103566,0.119218,13.675304,0.086518,5.823943,2.726646,1.159679,1.268837,0.238466,0.375051,2.079112,1.668396
183,Antigua & Barbuda,ATG,0,0,0,0,0,0,0,0,0,0,0,0,0,0,0,0,0,0,0,0,3.293819,0.885924,1.290252,0.25388,0.551503,0.399906,2.013176,1.072251,2.796109,1.87173,4.257474,5.746988,1.617632
185,Dominica,DMA,0,0,0,0,0,0,0,0,0,0,0,0,0,0,0,0,0,0,0,0,1.395597,4.834948,1.336977,1.347441,1.45942,1.598735,2.273235,1.310431,3.344876,3.282202,2.086776,4.682491,1.515753
186,Lesotho,LSO,0,0,0,0,0,0,0,0,0,0,0,0,0,0,0,0,0,0,0,0,0.09428,0.128867,2.147786,1.49451,3.007409,2.172504,2.419147,2.54375,2.29466,1.10665,1.049716,1.710198,1.340794
187,Tuvalu,TUV,0,0,0,0,0,0,0,0,0,0,0,0,0,0,0,0,0,0,0,0,0.488643,1.926266,0.716168,0.446376,0.194616,0.327977,0.494216,0.296276,1.54674,1.137303,1.173501,1.120297,1.174393
188,Azerbaijan,AZE,0,0,0,0,0,0,0,0,0,0,0,0,0,0,0,0,0,0,0,0,1.033116,1.094943,149.55486,146.441034,86.092837,84.942803,286.839284,87.149844,2.098118,2.279198,2.375916,60.974093,1.136849
189,Chad,TCD,0,0,0,0,0,0,0,0,0,0,0,0,0,0,0,0,0,0,0,0,0.044983,0,0.046083,0.001849,0.004319,0,0,0.11358,0.123059,0.025491,0.030962,1.073515,1.099049
191,Grenada,GRD,0,0,0,0,0,0,0,0,0,0,0,0,0,0,0,0,0,0,0,0,1.001581,0,2.011169,1,0.012148,0.004572,0.067298,1.071423,1.08904,1.098559,1.154187,1.015669,1.081185
192,Eritrea,ERI,0,0,0,0,0,0,0,0,0,0,0,0,0,0,0,0,0,0,0,0,0.086256,1.006134,1.003973,2.020983,2.065689,3.002537,2,1.004787,1.211516,3.031508,4.044699,4.023505,1.02912
193,Montserrat,MSR,0,0,0,0,0,0,0,0,0,0,0,0,0,0,0,0,0,0,0,0,0.20765,1.300885,0.582846,0.372179,2.06604,0.040646,0.012906,0.300617,0.066918,2.052913,0.065765,1.018912,1.015118
194,Benin,BEN,0,0,0,0,0,0,0,0,0,0,0,0,0,0,0,0,0,0,0,0,1,0,0,0,0,0,1.001581,0.183951,0,0.008289,0.031113,1.018722,1.013399
195,Democratic People's Republic of Korea,PRK,0,0,0,0,0,0,0,0,0,0,0,0,0,0,0,0,0,0,0,0,10.840772,11.556559,48.053359,20.012724,10.764254,19.100881,8,4,6,1,1,4,1
196,Anguilla,AIA,0,0,0,0,0,0,0,0,0,0,0,0,0,0,0,0,0,0,0,0,0.033964,0.043936,0.016371,0.032987,0.062347,0.021626,0.006618,0.005602,0.133198,0.002834,0.260739,1.187935,0.675941
197,US Virgin Islands,VIR,0,0,0,0,0,0,0,0,0,0,0,0,0,0,0,0,0,0,0,0,4.246349,0.478724,0.507885,0.527523,0.217887,0.296238,0.477049,2.263515,0.744131,1.980936,10.307045,0.300811,0.623071
198,Cocos Keeling Islands,CCK,0,0,0,0,0,0,0,0,0,0,0,0,0,0,0,0,0,0,0,0,0.066306,0.006114,0.0312,0.109002,0.112709,0.222992,0.251506,0.321197,0.095141,0.073919,0.118614,0.091006,0.329142
199,Antarctica,ATA,0,0,0,0,0,0,0,0,0,0,0,0,0,0,0,0,0,0,0,0,0.02448,0.019718,0.006488,0.280327,0.006318,0,0.327389,0.001024,0.003481,0.089777,0.017519,3.840223,0.318611
201,Suriname,SUR,0,0,0,0,0,0,0,0,0,0,0,0,0,0,0,0,0,0,0,0,0.375957,0.546112,1.160614,0.145773,0.335136,0.399106,0.26915,1.178832,0.448121,1.46148,1.608739,1.34537,0.205212
202,Norfolk Island,NFK,0,0,0,0,0,0,0,0,0,0,0,0,0,0,0,0,0,0,0,0,83.063288,90.16118,85.088562,89.099722,96.03454,78.078814,87.029377,82.016791,94.072003,42.097576,0.099227,0.060095,0.163063
203,Falkland Islands,FLK,0,0,0,0,0,0,0,0,0,0,0,0,0,0,0,0,0,0,0,0,0.057241,0.02013,1.027622,0,1.003911,0,0.050133,0.037209,0.08995,0.032247,0.032495,1.020314,0.155751
204,Netherlands Antilles,NLD,0,0,0,0,0,0,0,0,0,0,0,0,0,0,0,0,0,0,0,0,15.04051,2.709623,1.697339,1.51891,1.040859,1.753505,0.710699,0.590493,0.757642,0.341264,24.628233,0.396073,0.153796
205,Central African Republic,CAF,0,0,0,0,0,0,0,0,0,0,0,0,0,0,0,0,0,0,0,0,0.04738,0,0.00268,0.030023,0.010846,0.007902,15.012155,0,0.187569,0.003789,0.20063,0.010528,0.085658
206,Cabo Verde,CPV,0,0,0,0,0,0,0,0,0,0,0,0,0,0,0,0,0,0,0,0,0.01505,0.021319,0.30503,0.148807,0.734001,1.775645,0.151672,0.154465,0.258171,0.115992,0.308256,0.085774,0.07367
207,South Sudan,SSD,0,0,0,0,0,0,0,0,0,0,0,0,0,0,0,0,0,0,0,0,0,0,0,0,0,0.001688,0.017238,0.036598,0.003138,0.045252,0.004258,0.004224,0.067272
208,Sao Tome & Principe,STP,0,0,0,0,0,0,0,0,0,0,0,0,0,0,0,0,0,0,0,0,0.022368,0.140594,0,0.050717,0.076691,0.025107,0.095428,0.1979,0.180965,0.146325,0.09061,0.041188,0.047859
209,Turkmenistan,TKM,0,0,0,0,0,0,0,0,0,0,0,0,0,0,0,0,0,0,0,0,0.066895,0.017565,2.004958,3.0022,0.003354,0.003778,0,0.430914,1.232247,2.138437,2.18984,0,0.022157
210,Wallis & Futuna Island,WLF,0,0,0,0,0,0,0,0,0,0,0,0,0,0,0,0,0,0,0,0,0,0,0.021227,0.00127,0,0,0,0,0,0,0.001,0.018037,0.015693
211,Tajikistan,TJK,0,0,0,0,0,0,0,0,0,0,0,0,0,0,0,0,0,0,0,0,0.09224,0.700696,2.034031,3.795481,3.939101,1.24328,0.001788,0.001062,0.006799,0.018057,1.014095,0.018388,0.015579
212,Gambia,GMB,0,0,0,0,0,0,0,0,0,0,0,0,0,0,0,0,0,0,0,0,0.037326,1.225813,0.080551,0.005479,0.037825,0.036963,0.05526,0.218728,0.002603,0.009321,1.020604,0.043514,0.010866
213,Comoros,COM,0,0,0,0,0,0,0,0,0,0,0,0,0,0,0,0,0,0,0,0,0,0.001501,0.004107,0.021513,0.008322,0,0.216832,0.321173,0.052858,0.014679,0.03055,0.066246,0.009654
214,French Guiana,GUF,0,0,0,0,0,0,0,0,0,0,0,0,0,0,0,0,0,0,0,0,0,0.002506,0.00241,0.178467,0.010808,0.012231,0.58027,0.002467,0,0,0.019725,0.009083,0.006004
216,Guinea-Bissau,GNB,0,0,0,0,0,0,0,0,0,0,0,0,0,0,0,0,0,0,0,0,0,0,0.00336,0,0.001622,0,0,0.002032,0.001474,0,0.003206,0.002445,0.003778
217,Pitcairn Islands,PCN,0,0,0,0,0,0,0,0,0,0,0,0,0,0,0,0,0,0,0,0,1.9868,0.899683,0.412278,0.266839,0.270847,0.189835,0.045514,0.015294,0.782918,0.014902,0.006801,0.21596,0.0028
218,French Southern Territories,ATF,0,0,0,0,0,0,0,0,0,0,0,0,0,0,0,0,0,0,0,0,0,0,0,0,0,0,0,0.004596,0,0,0.014898,0,0.002357
219,Turks & Caicos Islands,TCA,0,0,0,0,0,0,0,0,0,0,0,0,0,0,0,0,0,0,0,0,0.005274,0,0.00124,0,0.001695,0.02332,1.006333,0.177598,0.022268,0.018038,0.112051,0.03003,0.002304
220,Northern Mariana Islands,MNP,0,0,0,0,0,0,0,0,0,0,0,0,0,0,0,0,0,0,0,0,0.061184,0.081385,0.014922,0.007135,0.001447,0,0.001755,0.039635,0.004345,0.004197,0.001021,0.013886,0.002215
221,Equatorial Guinea,GNQ,0,0,0,0,0,0,0,0,0,0,0,0,0,0,0,0,0,0,0,0,1.009842,1.055515,0.041367,1.033149,1.010984,1.007602,30.45691,35.452495,47.107795,86.642261,26.458028,0,0
223,Western Sahara,ESH,0,0,0,0,0,0,0,0,0,0,0,0,0,0,0,0,0,0,0,0,0,1,0,0,0,0.001796,0.00328,0,0.005247,1.010369,0,0,0
