id,countries,y_1987,y_1988,y_1989,y_1990,y_1991,y_1992,y_1993,Y_1994,y_1995,y_1996,y_1997,y_1998,y_1999,y_2000,y_2001,y_2002,y_2003,y_2004,y_2005,y_2006,y_2007,y_2008,y_2009,y_2010,y_2011,y_2012,y_2013,y_2014,y_2015,y_2016,y_2017,y_2018,y_2019
1,China,1350.175,1462.099,1485.165,1606.502,1645.346,2518.077,2910.378,3338.666,4124.02,3967.393,4326.826,4472.957814,5668.26,7915.645,9245.098,10665.717,12385.667,15815.633,21298.67263,26520.36736,31605.89014,44799.05963,52597.07085,71485.71636,80623.01946,79164.34138,99985.83544,85070.36007,87830.0733,110029.9458,123603.5088,153515.2855,167625.455
2,Japan,12133.279,13672.807,14617.324,16599.46,17284.284,18157.398,19059.231,19706.973,20497.036,19284.617,21444.431,20307.42481,22206.161,26806.946,25882.379,24777.675,22829.337,28090.063,34162.1446,35439.59138,37434.71525,55149.35919,39009.46999,48950.42016,53183.34539,48540.45947,50972.11924,46443.6897,37974.17131,44455.81339,51256.45539,61675.49188,56161.03845
3,Republic of Korea,1877.4,2313.136,2829.305,3412.017,3594.093,4328.702,5242.378,6084.613,7591.634,8232.904,7181.081,6890.124652,8298.135,10225.977,10925.203,10242.913,9733.517,11096.348,13381.72223,15156.64021,16366.56471,21408.06649,18681.59633,24583.22727,24061.3265,21091.57327,22667.69217,20613.3945,19970.71823,22870.59425,23713.1844,27838.57754,27647.13009
4,United States,6081.367,6128.277,7081.439,7782.911,7097.017,7067.138,7471.259,7045.994,7662.293,8823.244,11933.223,12379.03258,13965.395,17337.048,16547.538,15157.27,13967.19,13946.405,14965.05106,15797.3206,16492.58025,17867.37472,15020.9723,14765.82122,15577.30687,15054.67683,17228.08635,20528.4135,21896.23918,20694.83201,21354.73044,24768.59842,27403.93459
5,United Kingdom,2987.145,3020.324,3305.382,3494.435,3801.413,4167.042,4732.689,4197.26,4560.681,4265.361,5106.115,6783.782129,7687.538,8699.315,9407.051,11628.63,9909.163,9817.546,12976.69524,11835.37634,13202.27004,16530.60675,11582.33148,11099.92775,12422.8098,10161.41093,8392.474061,9095.184962,12641.40766,12753.82049,11758.70499,13450.23836,20950.50024
6,India,0,0,0,0,0,0,0,0,0,0,0,2157.531197,2034.408,2628.495,3068.634,3106.294,5585.159,7097.27,8728.73469,11848.94953,11975.99088,19028.73903,19926.29503,19077.24346,15660.28957,13517.34362,10616.3638,12939.37886,13338.05921,19270.18586,21127.62841,22858.43701,18617.50799
7,Singapore,1472.861,1754.157,2368.546,3242.737,3753.451,4525.261,4061.571,4920.413,4777.708,4740.528,5080.128,4915.470604,6695.98,8375.964,7493.755,7090.343,5420.017,5956.141,7162.390356,7808.176438,9440.610425,9120.984782,8064.748863,8598.255131,10001.60846,10127.03436,11167.3825,12383.19245,10070.88177,11348.90577,13129.19995,15333.34712,17026.36921
8,New Zealand,3326.289,3483.119,3814.254,3810.095,3969.466,4514.486,5184.93,6045.16,7138.536,7953.713,7575.447,7771.299558,8946.613,9873.362,10329.658,11116.821,11210.14,12606.185,12414.09035,13216.73461,13441.91479,12450.38749,11420.71072,11336.69658,11423.85595,11057.27355,11792.81483,12718.40416,13161.30168,13664.92838,14316.01657,15979.40546,15681.77197
9,Taiwan,1447.482,1698.593,1987.171,2146.381,2778.865,3123.375,3315.769,3781.096,3945.088,4106.274,4687.697,4688.461776,5200.984,6335.793,5253.936,4726.878,4209.567,5336.034,6391.030926,6720.224411,6979.074045,8728.060763,7428.394798,9683.985859,9379.294991,8354.551785,8298.644824,7906.738536,7669.592969,9988.096378,10966.65367,13900.8589,12988.75567
10,Malaysia,990.832,1090.169,1290.221,1400.99,1585.942,1781.826,2385.745,2717.199,3022.656,3126.608,2985.944,2673.76207,2987.681,3469.531,3524.251,3250.281,3468.955,3868.626,3808.613605,4441.681054,5043.575154,5557.231205,4891.813725,5910.700321,6905.034944,7056.529682,7836.745372,8496.126785,7650.73335,8438.239598,8926.491087,11550.24354,10484.05826
11,Hong Kong (SAR of China),2267.35,2216.472,1783.688,2079.805,2700.729,3328.084,3665.044,3495.372,3914.795,4025.505,5099.478,4099.751801,4354.421,5246.653,5619.511,4843.053,4343.209,4267.836,4486.210019,4716.867566,4559.421459,4983.806831,4420.551281,5087.394389,7449.574843,10519.52412,12989.75731,11500.77975,11561.33083,15860.93619,14458.41528,10943.72058,9725.026843
12,Vietnam,0,0,0,0,0,0,0,0,0,0,0,501.7775742,550.458,687.069,709.361,694.877,724.485,930.19,1188.865431,1956.270831,2288.876511,1995.207096,2380.754758,2829.362442,3061.288424,2859.862346,3980.185762,4657.306025,5018.297283,5747.665247,6126.412311,7614.456472,8028.402543
13,Indonesia,791.18,998.292,1318.784,1844.287,1991.697,2210.328,2535.713,2953.002,3720.595,4442.266,3789.785,3262.530572,3440.435,4210.877,4291.701,3942.687,3981.908,4294.25,4810.677516,5109.359317,4948.600924,5419.140234,5570.888938,6032.031771,6566.611299,6186.495784,7098.31932,7052.959971,7028.610296,8396.455769,8401.414086,8374.638366,7903.362481
14,Thailand,442.02,603.677,750.134,863.479,1043.431,1482.366,1661.629,2063.155,2280.7,2213.032,1795.137,1737.75131,2185.312,2792.209,2900.746,3165.996,3112.765,4558.247,4924.02014,5027.946612,5600.862358,6022.700795,5797.619232,7963.206504,6640.338575,5849.083063,5729.33739,6138.278933,4708.97574,5155.348365,6601.54792,7382.07992,5265.420987
15,Germany,1349.694,1484.22,1602.494,1458.632,1545.201,1490.662,1608.945,1673.842,1803.129,1775.168,2035.077,2207.303308,2039.361,2357.194,2282.988,2558.479,2296.031,2371.536,2400.505557,2661.918124,2696.101202,3516.333771,2900.329395,3341.073939,3325.857844,3201.33872,3082.38352,2962.169452,3748.986549,4339.960304,4195.912709,4575.125384,5043.410176
16,Netherlands,737.783,832.387,1185.253,1166.684,1017.547,1054.829,864.995,898.599,906.733,840.312,1152.071,1196.844159,1702.374,2159.68,1860.182,1722.288,1820.707,2351.48,3108.173855,3482.988404,3358.608076,3683.160571,2562.276187,3462.08583,3921.905048,2959.818562,2682.926508,2825.159559,2659.371892,3673.10899,3860.290152,4410.809218,3800.525921
17,United Arab Emirates,0,0,0,0,0,0,0,0,0,0,0,0,0,1355.319,1436.165,1514.752,1657.994,1767.418,2193.214443,2816.505091,3694.876426,4211.211481,2578.459314,2732.264961,2696.315639,2835.170123,3343.47959,3977.339927,3775.388305,3846.65602,4356.289251,4840.574765,3774.703161
18,Philippines,336.228,502.068,557.105,563.904,627.125,708.611,850.516,1000.287,1237.403,1413.825,1373.17,1402.538786,1498.81,1670.003,1405.552,1229.161,1063.557,1021.599,1065.648065,1276.150244,1575.114927,1780.166316,1509.294338,1923.785094,2022.25445,2220.772518,2209.119743,2392.350556,2484.36644,3217.779379,2861.220937,3885.678549,3376.901885
19,Canada,888.719,925.758,949.162,1073.111,1095.084,1382.44,1442.261,1390.072,1611.957,1515.744,1690.286,1673.977887,1561.34,2349.218,2464.891,2337.774,2384.315,2532.714,2429.815616,2651.985044,2528.498306,2504.424162,2171.925135,2257.896361,2543.328385,2416.732724,2172.597272,2418.901662,2698.842808,2789.527115,2758.789671,3458.215451,3087.995268
20,Nepal,0,0,0,0,0,0,0,0,0,0,0,0,0,0,0,0,0,0,0,130.035247,301.985939,592.149364,714.685468,662.505978,598.698181,534.019811,605.217633,791.617359,895.02017,1150.796547,1753.642262,2752.779946,3085.971076
21,Switzerland (g),461.993,502.741,866.067,1434.441,813.251,525.862,479.86,545.085,778.015,517.486,1416.382,779.2607991,641.184,676.02,671.522,861.285,617.429,743.501,834.184984,1777.557395,1691.617442,1496.071172,1094.019972,1377.30525,1556.539015,1433.1289,1804.710095,1530.741841,1996.024997,2183.086846,2385.310995,2574.875778,3070.726598
22,Papua New Guinea,1051.605,1100.813,1056.024,1033.628,1167.608,1090.014,1223.468,1172.64,1291.714,1577.33,1519.743,1333.082151,1336.314,1362.092,1308.966,1175.602,1050.739,1508.47,1674.106423,1872.725192,1966.266203,2090.38214,2516.654641,2888.163069,3049.603869,3330.312319,2973.844242,2616.217103,2154.484764,2217.79289,2419.761167,2984.39758,2807.672853
23,France (d),1073.308,1088.233,998.914,916.63,1069.221,1028.417,1024.314,990.788,954.742,1047.332,1085.909,1229.335828,1212.868,1436.326,1698.359,1562.394,1379.592,1472.179,1624.207021,1896.339194,2181.440031,2549.66016,1828.819347,1848.913953,1876.940588,1936.929233,2054.514697,2056.788786,2137.524455,2418.476928,2479.56304,2605.888909,2346.138965
24,Brazil,0,0,0,0,0,0,0,0,0,0,0,0,0,627.12,553.102,509.592,620.677,781.083,1158.205262,1160.09743,1337.52296,2032.181486,1802.062413,1979.169897,1765.392285,1213.121958,1449.50342,1968.315803,1725.020176,2395.625846,2607.292751,2441.745226,1937.906067
25,Ireland,33.793,42.181,52.156,49.372,45.92,56.465,77.571,102.881,134.777,152.24,192.361,340.6668826,311.613,501.845,650.579,593.696,692.933,687.968,658.141031,790.672587,828.314898,831.739184,759.510454,731.114556,788.281372,809.546293,716.334464,619.959739,645.925488,600.669445,754.98674,1585.256732,1697.101475
26,South Africa,171.752,181.683,139.436,206.099,277.342,421.493,489.064,718.245,946.615,1200.273,1271.135,1181.270376,1251.884,1525.545,1555.976,1578.207,1757.478,1938.121,2518.664607,2639.601992,2860.756782,2581.973316,2268.547941,2065.087316,2171.807904,1799.72082,1696.505006,1666.816615,1440.628666,1534.75515,1979.04367,2094.172325,1585.388792
27,Bangladesh,0,0,0,0,0,0,0,0,0,0,0,0,0,0,0,0,0,0,0,386.567705,461.102992,598.077123,621.378892,858.505464,798.414964,826.508605,749.484168,1012.035827,1053.425245,1354.405792,1521.137209,1312.41849,1449.698195
28,Pakistan,0,0,0,0,0,0,0,0,0,0,0,0,0,0,0,0,0,0,0,428.760771,651.540271,684.871017,852.327818,696.33991,904.208542,1060.922577,924.758416,1089.767174,1312.804155,1466.084278,1200.503563,1175.366297,1301.721796
29,Saudi Arabia,0,0,0,0,0,0,0,0,0,0,0,0,0,2210.426,2611.121,2024.159,2012.155,1833.284,2226.733565,2113.07627,2440.097283,2596.08447,1980.21544,1863.787735,2096.97729,2380.71364,2654.869252,2521.784376,2351.6261,1882.485821,1197.821152,1199.249953,1234.093371
30,Belgium (c),398.432,412.499,505.698,475.929,626.9,638.152,489.895,512.512,742.255,1040.488,1298.213,1201.86575,1194.242,1099.851,979.67,934.956,782.843,986.001,1151.265668,1470.320538,1487.752597,1428.062436,1219.187611,1477.56303,1886.843029,1577.665325,1321.487213,1258.072736,1155.365902,1442.251921,1243.962885,1333.178013,1158.220666
31,Sri Lanka,0,0,0,0,0,0,0,0,0,0,0,0,0,0,0,0,0,0,0,377.925718,490.40513,605.991267,572.77106,546.182875,510.681501,482.72357,509.271392,629.665617,643.002366,729.282994,887.661182,1035.02961,1137.377675
32,Italy (e),1166.985,1140.191,1156.093,1051.174,1135.429,1030.482,1233.222,1427.477,1525.107,1633.89,2050.863,1899.258637,1886.103,2414.966,2385.986,2110.672,1599.246,1786.544,1804.379654,2021.785225,1763.462431,1923.742416,1264.064596,1624.2491,1528.444718,1171.072827,1249.007014,1357.916003,1372.03456,1422.776991,1464.309479,1442.055571,1112.924172
33,Qatar,0,0,0,0,0,0,0,0,0,0,0,0,0,0,0,0,0,0,0,229.624423,236.059971,215.598528,311.323798,332.149673,586.477108,583.077007,586.63529,726.510451,728.514029,746.705599,811.624527,1169.740712,937.071292
34,Colombia,0,0,0,0,0,0,0,0,0,0,0,0,0,0,0,0,0,0,0,135.373405,226.243904,323.416978,332.881335,290.172237,297.368221,328.633407,375.947214,397.279092,427.208554,521.669967,629.52938,802.179713,913.095485
35,Russian Federation (f),661.536,1096.943,695.084,495.202,269.43,230.782,330.873,266.047,134.505,154.195,275.447,207.4774513,237.136,338.294,246.218,196.542,223.659,332.485,552.01809,758.915518,969.730388,999.053639,810.843344,1077.842554,1100.459235,855.804343,904.991815,671.676288,680.518061,571.154605,771.302531,822.9302,863.955664
36,Bahrain (b),0,0,0,0,0,0,0,0,0,0,0,0,0,0,0,0,0,0,0,161.217218,164.308541,191.579968,182.991839,182.081961,183.028528,363.841092,720.79438,900.690072,783.06533,907.169959,1054.851968,1445.28437,841.379051
37,Spain,0,0,0,0,0,0,0,0,0,0,0,0,0,0,0,0,0,0,0,1409.227874,1061.841291,817.493062,705.360157,1078.823697,1120.722186,764.58743,780.250694,929.950227,849.295074,1045.176607,1139.801135,1179.823657,757.606758
38,Sweden,219.462,239.589,241.882,214.459,236.727,201.287,219.797,235.08,324.508,340.901,367.678,448.9847241,470.076,431.425,428.951,448.341,468.37,547.117,697.012929,636.613579,744.493299,863.350535,703.209085,756.660913,645.15943,530.978242,618.287977,559.476051,603.458625,641.933324,647.007229,785.353865,647.668865
39,Chile,23.962,21.557,36.476,56.98,52.638,92.669,119.916,149.676,168.802,186.378,192.438,240.2812589,136.997,151.653,175.627,158.576,171.414,200.025,265.93554,349.828571,381.855747,539.574352,408.914558,550.700853,723.304347,499.433866,552.371519,461.285121,585.98846,688.535737,636.687356,644.83584,613.29282
40,Fiji,190.185,233.731,272.794,312.112,312.083,393.424,415.753,458.215,550.514,595.858,661.416,722.0012745,810.618,810.857,675.384,692.503,582.615,554.397,630.905576,535.049456,548.756335,551.45657,469.817404,456.284971,453.886988,449.685058,469.133478,528.044919,602.17635,636.930331,663.853607,676.692744,593.701764
41,New Caledonia,0,0,0,0,0,0,0,0,0,0,0,0,0,0,0,0,0,0,0,468.318775,537.692027,557.265259,500.754979,530.038606,488.765384,402.271927,424.222933,523.477903,525.204655,532.714958,593.215978,594.639712,576.962872
42,Poland,0,0,0,0,0,0,0,0,0,0,0,0,0,0,0,0,0,0,0,125.008602,147.901883,154.771353,136.926758,128.017264,145.894052,225.465974,380.641238,424.594716,411.31328,616.136431,547.72867,742.979848,555.68455
43,Egypt (b),0,0,0,0,0,0,0,0,0,0,0,0,0,0,0,0,0,0,0,367.022834,378.506162,524.62603,477.679052,644.248267,586.92505,563.849972,483.621059,553.643549,564.977255,445.590575,609.508141,684.790367,554.341097
44,Turkey,0,0,0,0,0,0,0,0,0,0,0,0,0,331.116,350.475,327.801,311.136,318.22,430.347574,582.888251,723.486916,899.672605,406.271071,538.19062,790.604069,909.448589,849.379742,587.846541,591.00521,1004.989205,1209.604816,591.765464,542.188529
45,Oman,0,0,0,0,0,0,0,0,0,0,0,0,0,0,0,0,0,0,0,334.778979,503.154565,685.458571,435.858672,476.109592,528.574815,402.831436,414.913934,633.366479,673.909081,692.168359,468.960677,659.469027,485.707627
46,Mozambique,0,0,0,0,0,0,0,0,0,0,0,0,0,0,0,0,0,0,0,488.07474,408.62904,448.379347,339.409685,439.835253,389.489501,436.369605,430.233033,497.050188,439.958617,436.849423,618.046282,674.236228,470.002538
47,Kuwait,0,0,0,0,0,0,0,0,0,0,0,0,0,0,0,0,0,0,0,521.28107,602.538578,458.983512,572.314769,684.198618,638.165569,559.945809,633.899146,779.458867,847.606955,720.26862,496.106325,477.699677,448.588339
48,Mexico,60.009,71.598,133.429,127.225,154.92,136.744,207.231,141.235,104.797,129.337,224.596,339.7559629,269.77,392.893,502.229,458.701,377.767,738.844,881.361998,891.694878,622.593474,972.879595,808.719667,954.563905,1093.020528,689.093283,543.647912,571.338241,712.526672,414.190299,344.816647,452.771095,429.595941
49,Denmark,0,0,0,0,0,0,0,0,0,0,0,0,0,0,0,0,0,0,0,594.948493,561.279916,558.328206,532.711778,603.196601,545.400188,549.518588,457.537589,495.35265,507.379693,583.543251,257.23398,371.974924,351.165946
50,Israel,0,0,0,0,0,0,0,0,0,0,0,0,0,0,0,0,0,0,0,270.475141,338.956543,344.100864,265.396599,308.387219,320.280617,283.119862,300.677505,281.824647,355.370204,288.720158,345.310173,431.183897,344.659011
51,Norway,0,0,0,0,0,0,0,0,0,0,0,237.5113147,259.768,335.836,344.124,418.715,333.213,350.027,316.218736,353.671747,407.948825,315.932047,341.848316,317.407555,454.456239,390.887456,349.748361,456.22657,325.964435,342.159001,398.271538,564.129227,341.776118
52,Cayman Islands,0,0,0,0,0,0,0,0,0,0,0,0,0,0,0,0,0,0,0,0.385613,0.506701,8.385892,6.643179,9.287751,10.24411,20.156064,29.282409,63.317883,113.436785,135.50794,176.10343,289.820421,337.077218
53,Argentina,0,0,0,0,0,0,0,0,0,0,0,0,0,129.865,84.266,111.627,77.943,126.958,233.75176,169.010467,224.586823,334.771168,359.308782,390.172856,387.208056,318.673216,203.165497,268.373265,332.92255,365.547619,484.106607,555.969782,323.448488
54,Myanmar,0,0,0,0,0,0,0,0,0,0,0,0,0,0,0,0,0,0,0,50.823469,55.892522,85.904017,105.384954,128.534613,135.765769,142.175822,206.051631,190.253721,240.241994,249.150734,256.859741,283.227605,320.439332
55,Kenya,0,0,0,0,0,0,0,0,0,0,0,0,0,0,0,0,0,0,0,123.070013,120.089574,145.510847,118.403884,138.238259,133.414165,200.803635,174.840493,175.061299,195.716484,277.838409,298.636982,308.015993,309.607387
56,Cambodia,0,0,0,0,0,0,0,0,0,0,0,0,0,0,0,0,0,0,0,72.747165,75.663535,78.443454,79.775714,76.149069,79.759085,79.888668,100.667833,145.737703,143.495964,147.701761,190.625547,232.696852,299.297042
57,Mauritius,0,0,0,0,0,0,0,0,0,0,0,0,0,0,0,0,0,0,0,204.761356,238.666605,351.276492,325.962348,249.490192,238.331015,223.797719,204.129088,253.24998,276.808256,259.819352,239.645275,257.397499,251.505196
58,Peru,0,0,0,0,0,0,0,0,0,0,0,56.97906932,45.421,70.852,60.095,69.74,63.18,68.542,114.878642,111.531351,135.266556,217.060012,180.543585,174.281963,232.528258,192.128724,208.7066419,187.4328859,205.7998072,184.2945511,223.0583518,197.9274217,248.563772
59,Yemen,0,0,0,0,0,0,0,0,0,0,0,0,0,0,0,0,0,0,0,129.292784,191.310226,267.499624,195.324099,250.4253,258.303542,274.291449,400.594617,340.667421,307.884442,293.030558,192.660865,174.590315,234.414745
60,Macau (SAR of China),0,0,0,0,0,0,0,0,0,0,0,0,0,0,0,0,0,0,0,120.265151,89.508851,79.641996,69.159006,72.036917,85.651023,80.576975,103.771102,114.986549,166.752465,242.398489,276.332531,249.415384,225.816901
61,Mongolia,0,0,0,0,0,0,0,0,0,0,0,0,0,0,0,0,0,0,0,27.253718,28.516057,31.15645,35.974883,54.628264,83.683813,103.718535,65.168026,64.009591,77.246069,117.130612,213.953607,209.576601,211.191471
62,Bermuda,0,0,0,0,0,0,0,0,0,0,0,0,0,0,0,0,0,0,0,2.199431,2.167436,43.892469,151.235682,73.425119,51.962692,51.547808,78.392044,182.727785,241.776294,195.92281,278.574762,188.858009,198.910267
63,Jordan,0,0,0,0,0,0,0,0,0,0,0,0,0,0,0,0,0,0,0,109.601211,88.961592,136.927213,172.732608,205.174677,229.211169,214.81537,230.59283,245.045912,307.287999,165.890101,175.262516,166.005062,198.097622
64,Bhutan,0,0,0,0,0,0,0,0,0,0,0,0,0,0,0,0,0,0,0,7.016934,9.057735,10.044989,23.093286,21.96002,23.348255,25.327193,39.123205,58.148007,65.152864,71.165055,92.697876,142.259346,196.648353
65,Nigeria,0,0,0,0,0,0,0,0,0,0,0,0,0,0,0,0,0,0,0,63.721021,50.934045,71.331204,80.869102,68.245492,99.230348,136.289417,290.098452,291.511092,349.512181,324.067926,352.51748,244.765617,196.633889
66,Iran,0,0,0,0,0,0,0,0,0,0,0,0,0,0,0,0,0,0,0,286.406502,241.061677,746.406479,265.606229,294.980954,360.842865,725.897871,472.163217,279.667117,263.465668,269.671901,407.881329,287.71335,192.086666
67,Czech Republic,0,0,0,0,0,0,0,0,0,0,0,0,0,0,0,0,0,0,0,152.171889,193.972068,148.162332,157.041554,182.733772,190.504839,190.887093,216.597655,243.437696,239.741892,221.427981,295.838126,250.710615,189.644116
68,Ghana,0,0,0,0,0,0,0,0,0,0,0,0,0,0,0,0,0,0,0,126.935546,160.960114,175.183488,157.554324,195.50691,243.196544,187.60168,98.644981,83.435099,102.681275,152.99643,143.447154,156.475895,150.124467
69,Austria,0,0,0,0,0,0,0,0,0,0,0,0,0,0,0,0,0,0,0,220.116451,187.170827,210.605388,202.717749,212.965473,215.043897,202.630517,193.338198,173.52635,174.210394,140.006899,152.353366,140.18201,142.872325
70,Solomon Islands,0,0,0,0,0,0,0,0,0,0,0,0,0,0,0,0,0,0,0,127.720481,123.762844,149.732794,160.321666,185.250507,181.306609,199.959102,205.943303,202.914473,203.995858,150.831191,159.746812,165.078221,134.27317
71,Finland,0,0,0,0,0,0,0,0,0,0,0,0,0,0,0,0,0,0,0,1697.657056,1247.486443,687.183305,371.839525,308.873791,357.673074,237.857055,141.209002,117.767835,120.378737,159.308172,160.050941,175.320217,129.249467
72,Greece,111.771,109.807,97.778,85.706,81.544,74.855,78.156,61.63,90.625,95.957,130.811,130.3555311,186.194,255.783,173.323,125.621,149.8,95.649,153.428119,118.050649,157.222299,118.403082,90.519476,91.075421,101.14271,100.273853,103.670558,99.690723,102.999923,118.346548,120.990313,115.886816,127.527132
73,Timor-Leste,0,0,0,0,0,0,0,0,0,0,0,0,0,0,0,0,0,0,0,77.708733,67.069366,86.180057,87.673131,99.411144,68.228387,57.13684,67.748406,83.507303,77.78297,71.193316,70.318233,63.563871,120.816828
74,Vanuatu,0,0,0,0,0,0,0,0,0,0,0,0,0,0,0,0,0,0,0,110.136191,122.288464,125.533518,126.150768,111.449669,107.293246,108.595426,120.080787,120.873614,141.032016,129.959911,132.294964,142.630059,116.189966
75,Panama,0,0,0,0,0,0,0,0,0,0,0,0,0,0,0,0,0,0,0,11.942051,14.043608,19.833289,15.72036,18.272727,17.737268,58.553858,66.845596,92.061112,71.787217,90.602706,196.329065,132.321296,114.482041
76,Southern and East Africa nfd,0,0,0,0,0,0,0,0,0,0,0,0,0,0,0,0,0,0,0,63.571377,0,77.42831,48.137124,79,96,72,12,8,29,51,22,29,111.234
77,Brunei,21.097,18.121,25.262,19.298,24.609,63.618,71.705,67.716,82.439,67.797,67.157,78.67366735,64.271,83.004,112.341,108.471,88.24,100.535,80.453914,82.327345,93.09028,104.492457,97.002613,98.330764,88.621249,105.427922,92.157399,102.056142,110.602506,104.53579,109.027471,107.060869,105.537122
78,Iceland (b),0,0,0,0,0,0,0,0,0,0,0,0,0,0,0,0,0,0,0,19.8174,12.247116,36.472347,5.252947,9.736847,7.602344,6.557071,8.389558,9.470579,114.085427,248.157315,330.945827,447.360747,102.851244
79,Cote d'Ivoire,0,0,0,0,0,0,0,0,0,0,0,0,0,0,0,0,0,0,0,3.129387,17.616844,10.58978,12.987085,7.837829,12.548572,24.036539,12.632762,12.285817,18.325618,43.171766,68.194518,89.457511,89.937044
80,Hungary,0,0,0,0,0,0,0,0,0,0,0,0,0,0,0,0,0,0,0,68.132209,74.873072,76.648002,69.672857,56.677739,64.482059,66.122982,71.498291,74.394565,72.975486,77.249993,75.32836,89.363747,88.583935
81,Portugal,0,0,0,0,0,0,0,0,0,0,0,0,0,0,0,0,0,0,0,94.201028,76.115545,74.034191,76.523525,62.063532,65.324535,71.212139,85.605865,77.158951,78.659796,118.481714,103.806542,95.882873,83.501828
82,Lebanon,0,0,0,0,0,0,0,0,0,0,0,0,0,0,0,0,0,0,0,48.005198,62.522968,97.225156,77.532821,92.625633,88.137292,85.205055,94.157941,99.756112,102.842761,101.552218,93.954641,100.429559,83.361317
83,Slovenia,0,0,0,0,0,0,0,0,0,0,0,0,0,0,0,0,0,0,0,33.002221,30.816131,39.660376,30.731171,22.757531,44.092273,31.719472,62.771239,33.655393,68.126801,114.477443,110.197654,84.761623,79.33241
84,Laos,0,0,0,0,0,0,0,0,0,0,0,0,0,0,0,0,0,0,0,73.119586,79.197212,52.141158,48.21337,62.083436,60.262217,68.988899,71.559729,74.011818,55.612153,59.77948,62.153306,67.634071,77.291058
85,Zimbabwe,0,0,0,0,0,0,0,0,0,0,0,0,0,0,0,0,0,0,0,79.734924,97.114144,108.380771,99.587199,77.490902,64.598552,48.743461,48.77753,56.285774,64.57049,76.180897,79.671569,83.162074,76.431366
86,Luxembourg,0,0,0,0,0,0,0,0,0,0,0,0,0,0,0,0,0,0,0,11.838367,21.773571,12.747967,16.857089,24.183444,39.676075,23.717069,35.764456,29.744501,34.772342,36.736528,58.065298,131.901805,74.224549
87,Samoa,0,0,0,0,0,0,0,0,0,0,0,0,0,0,0,0,0,0,0,62.312022,63.820777,70.984173,64.739666,58.831586,66.13983,50.996363,105.553506,65.406148,56.588173,73.946275,66.050545,59.617079,73.420332
88,Tanzania,0,0,0,0,0,0,0,0,0,0,0,0,0,0,0,0,0,0,0,48.922071,81.942607,117.747773,90.027392,132.236994,112.355014,143.913197,108.837487,131.968526,61.11552,61.221122,65.090284,67.776309,66.831782
89,French Polynesia,0,0,0,0,0,0,0,0,0,0,0,0,0,0,0,0,0,0,0,96.105593,96.790063,97.953799,76.578129,60.326402,60.14028,57.723758,55.234687,56.904591,57.979213,60.038987,60.090527,63.893882,66.539538
90,nauru,0,0,0,0,0,0,0,0,0,0,0,0,0,0,0,0,0,0,0,20.105634,30.413175,33.051549,21.202147,19.081149,24.364513,67.48059,157.062329,83.746578,97.265146,58.20995,64.50236,59.923447,62.617423
91,Maldives,0,0,0,0,0,0,0,0,0,0,0,0,0,0,0,0,0,0,0,31.840729,36.241538,35.237933,37.903754,39.658504,38.193523,46.687196,45.954752,49.493939,51.973414,50.406144,57.687247,62.892675,60.360569
92,Estonia,0,0,0,0,0,0,0,0,0,0,0,0,0,0,0,0,0,0,0,23.088244,25.63099,27.270834,22.095966,28.761092,49.948514,38.38294,35.989427,36.074489,42.972324,41.269039,40.23248,43.134737,54.258432
93,Ukraine,0,0,0,0,0,0,0,0,0,0,0,0,0,0,0,0,0,0,0,101.602176,217.561736,184.47447,156.34416,97.589285,97.002377,67.706532,121.003261,158.168509,109.19717,98.148622,63.825445,169.751105,52.581177
94,Romania,0,0,0,0,0,0,0,0,0,0,0,0,0,0,0,0,0,0,0,161.406035,158.919645,129.079218,40.680003,21.662254,37.967068,38.176338,63.570693,74.088543,56.801722,101.854703,68.541991,67.250861,51.38882
95,Bulgaria,0,0,0,0,0,0,0,0,0,0,0,0,0,0,0,0,0,0,0,48.335771,68.896387,17.776396,22.379575,17.844868,20.480306,165.909265,122.701835,165.526491,109.69303,71.691754,50.613031,78.479656,51.239407
96,Tonga,0,0,0,0,0,0,0,0,0,0,0,0,0,0,0,0,0,0,0,27.110875,32.939175,39.186367,32.65384,33.518283,30.528072,25.976229,31.173689,35.52168,43.324337,44.828391,50.72395,60.783666,47.879018
97,Kazakhstan,0,0,0,0,0,0,0,0,0,0,0,0,0,0,0,0,0,0,0,14.354677,25.903527,22.362027,19.782458,28.776794,56.422426,54.032465,59.110445,30.49437,33.046348,31.17006,32.202517,42.078381,47.548124
98,Georgia,0,0,0,0,0,0,0,0,0,0,0,0,0,0,0,0,0,0,0,5.095001,14.326565,11.122671,33.671805,56.852912,25.706978,24.560569,15.308198,8.009291,5.483884,8.039796,18.212524,117.734718,45.586017
99,Botswana,0,0,0,0,0,0,0,0,0,0,0,0,0,0,0,0,0,0,0,41.152405,37.873821,29.570253,22.858021,21.4449,21.82195,22.418206,19.21743,18.521674,16.119814,13.359694,13.583429,16.734789,43.550451
100,Iraq,0,0,0,0,0,0,0,0,0,0,0,0,0,0,0,0,0,0,0,106.235157,101.025518,209.135724,220.137499,353.215924,206.217352,620.065131,363.972477,136.432092,96.617514,84.251235,200.940538,233.808638,43.379769
101,Slovak Republic,0,0,0,0,0,0,0,0,0,0,0,0,0,0,0,0,0,0,0,54.30175,54.786976,58.433742,54.347217,57.257362,55.196723,55.159727,62.189936,61.406426,73.07896,57.798923,48.449888,49.736406,42.573219
102,Ecuador,0,0,0,0,0,0,0,0,0,0,0,0,0,0,0,0,0,0,0,14.352809,17.25946,13.333482,14.425641,18.782944,24.434168,28.179735,54.552883,61.530144,54.752303,48.608693,55.925773,49.284486,39.826535
103,Mali,0,0,0,0,0,0,0,0,0,0,0,0,0,0,0,0,0,0,0,19.859413,26.205312,25.110857,18.764173,24.353832,20.552548,45.517413,28.099904,20.445042,18.355465,20.982373,19.451333,21.53219,39.285434
104,Zambia,0,0,0,0,0,0,0,0,0,0,0,0,0,0,0,0,0,0,0,69.48098,110.17768,54.643992,52.796887,55.506525,58.921946,59.037094,53.210381,56.431102,38.747101,49.771038,42.434855,41.742381,38.247234
105,Lithuania,0,0,0,0,0,0,0,0,0,0,0,0,0,0,0,0,0,0,0,10.704209,13.864113,10.581045,13.032567,15.535948,22.156969,23.070656,25.410711,32.795241,34.894301,34.095288,36.69022,39.964323,37.645745
106,Morocco,0,0,0,0,0,0,0,0,0,0,0,0,0,0,0,0,0,0,0,28.527054,16.531546,39.580263,35.598719,34.301133,21.049993,38.384206,40.532273,38.465782,20.440072,47.515696,26.526746,26.404423,36.61451
107,Trinidad & Tobago,0,0,0,0,0,0,0,0,0,0,0,0,0,0,0,0,0,0,0,24.825857,21.394093,20.349643,81.766277,103.915461,20.234568,16.965447,21.054625,28.493766,18.160625,24.906265,27.598493,28.504146,36.444921
108,Jamaica,0,0,0,0,0,0,0,0,0,0,0,0,0,0,0,0,0,0,0,28.985433,32.370419,27.599967,22.34954,19.890894,14.393245,17.585577,15.283327,29.019015,28.245761,17.337833,25.680626,32.75786,34.172515
109,Kiribati,0,0,0,0,0,0,0,0,0,0,0,0,0,0,0,0,0,0,0,33.756786,34.55723,29.882507,32.960651,32.535026,40.55957,34.698841,34.637746,36.912388,34.829779,29.482435,29.195462,27.579662,33.247122
110,Senegal,0,0,0,0,0,0,0,0,0,0,0,0,0,0,0,0,0,0,0,16.323131,40.716434,35.619324,14.710537,33.471625,65.640725,74.540693,22.007828,18.048075,26.945502,106.17205,54.904501,27.022314,30.441341
111,Venezuela,0,0,0,0,0,0,0,0,0,0,0,0,0,0,0,0,0,0,0,34.929056,33.752072,51.408149,59.269644,42.456432,45.15325,49.988886,44.994231,117.83369,94.167374,117.944541,87.512289,4.193894,29.887193
112,Madagascar,0,0,0,0,0,0,0,0,0,0,0,0,0,0,0,0,0,0,0,7.327919,9.447721,27.051842,13.690047,33.304367,12.896643,19.565829,17.849368,13.064615,9.75626,19.389554,26.226468,30.834274,29.542983
113,Latvia,0,0,0,0,0,0,0,0,0,0,0,0,0,0,0,0,0,0,0,22.518987,20.150998,16.666978,15.367452,16.068902,16.971088,18.912986,21.685318,19.427926,15.684231,21.225277,27.52455,34.780843,28.272361
114,Malta,0,0,0,0,0,0,0,0,0,0,0,0,0,0,0,0,0,0,0,38.644968,39.655678,49.229935,62.170703,126.929479,26.293583,23.503657,23.041928,21.864665,18.251251,22.465873,33.640431,22.393448,27.783412
115,Christmas Island,0,0,0,0,0,0,0,0,0,0,0,0,0,0,0,0,0,0,0,28.406274,20.579744,24.884181,57.570483,51.239732,33.328893,49.762413,56.798085,29.918564,30.846364,38.605142,33.673848,36.13178,27.463493
116,Gabon,0,0,0,0,0,0,0,0,0,0,0,0,0,0,0,0,0,0,0,0.79078,1.5615,3.537877,2.281102,2.966034,4.105902,4.467511,6.776845,20.717232,3.07408,1.290829,3.155684,2.424358,27.42943
117,Ethiopia,0,0,0,0,0,0,0,0,0,0,0,0,0,0,0,0,0,0,0,4.635999,4.236962,6.661942,7.604054,9.240687,8.929926,9.30193,12.241159,13.720912,14.99396,16.13911,17.304184,21.342314,25.145413
118,Bahamas,0,0,0,0,0,0,0,0,0,0,0,0,0,0,0,0,0,0,0,6.631233,7.788348,13.799707,2.627535,3.255717,2.451317,6.032952,8.537625,9.130295,12.1724,17.142043,26.722284,22.356273,23.546268
119,Uruguay,0,0,0,0,0,0,0,0,0,0,0,0,0,0,0,0,0,0,0,20.350856,29.637544,22.887874,14.258843,19.003489,12.931033,24.548098,12.443128,19.339975,18.316157,18.580177,19.346902,39.713887,23.05967
120,Croatia,0,0,0,0,0,0,0,0,0,0,0,0,0,0,0,0,0,0,0,35.754945,21.300296,38.189395,40.217515,32.120146,18.944563,20.228038,23.302679,21.781027,29.024332,25.730411,22.792886,21.298263,22.763235
121,Burkina Faso,0,0,0,0,0,0,0,0,0,0,0,0,0,0,0,0,0,0,0,2.516458,6.852905,2.621497,14.771215,7.064891,20.460805,20.720535,7.314939,18.394436,22.74024,20.411235,26.46675,33.244229,22.372401
122,Serbia,0,0,0,0,0,0,0,0,0,0,0,0,0,0,0,0,0,0,0,0,0,16.4829,11.479348,19.265742,25.650892,24.655892,24.615118,24.266066,24.788832,22.728266,20.978112,22.561384,21.708522
123,North Macedonia,0,0,0,0,0,0,0,0,0,0,0,0,0,0,0,0,0,0,0,13.036966,15.255684,18.018247,15.910283,18.266758,19.761687,20.403508,25.618282,22.366126,20.905696,20.173656,21.974974,25.080216,20.652377
124,Gibraltar,0,0,0,0,0,0,0,0,0,0,0,0,0,0,0,0,0,0,0,3.279358,3.10315,11.55702,18.337753,22.126822,1.859063,2.081188,1.131294,3.810746,1.026814,1.0461,0.044472,32.141578,19.166387
125,Cyprus,0,0,0,0,0,0,0,0,0,0,0,0,0,0,0,0,0,0,0,33.43109,26.613254,25.629869,21.271053,22.728414,22.918749,18.65361,18.311861,18.099007,21.523739,20.312666,26.40837,35.946638,19.145572
126,Uzbekistan,0,0,0,0,0,0,0,0,0,0,0,0,0,0,0,0,0,0,0,3.755943,3.933055,5.932874,5.570203,4.3916,4.035161,9.294453,5.082972,7.697343,7.811777,7.02867,10.728623,12.774612,18.654813
127,Republic of Congo,0,0,0,0,0,0,0,0,0,0,0,0,0,0,0,0,0,0,0,30.164115,1.253628,109.349729,79.100075,71.487634,9.921857,15.274169,17.741549,29.643574,10.725501,2.004147,3.261927,1.749207,18.244301
128,Dominican Republic,0,0,0,0,0,0,0,0,0,0,0,0,0,0,0,0,0,0,0,10.610911,8.887308,13.231769,12.714547,12.067892,15.532866,6.933765,11.584625,9.422962,10.420539,10.4307,13.173677,18.600497,15.596502
129,Sudan,0,0,0,0,0,0,0,0,0,0,0,0,0,0,0,0,0,0,0,1,1,2,3,2,2,234.726013,277.060986,107.494411,9.811022,11.919074,14.578486,17.74603,15.328217
130,Sierra Leone,0,0,0,0,0,0,0,0,0,0,0,0,0,0,0,0,0,0,0,6.054548,5.031054,1.602955,7.382585,16.492794,18.419424,9.419652,10.492727,8.6962,5.838265,3.399672,5.792741,16.692582,15.123002
131,Norfolk Island,0,0,0,0,0,0,0,0,0,0,0,0,0,0,0,0,0,0,0,18.430408,23.170485,23.696823,21.63331,15.748309,17.083537,12.690237,11.339795,16.053315,19.501687,14.893217,12.171275,13.313717,14.558913
132,Cook Islands,0,0,0,0,0,0,0,0,0,0,0,0,0,0,0,0,0,0,0,12.458335,15.33857,21.288176,17.880393,11.954222,14.143348,12.430966,12.821159,16.531999,15.889889,14.238366,34.548155,16.88985,14.349381
133,Guam,0,0,0,0,0,0,0,0,0,0,0,0,0,0,0,0,0,0,0,17.134779,17.330761,17.470294,18.883467,21.136859,20.191489,17.049139,15.809586,19.172242,12.889817,16.208902,13.136606,11.107179,14.21111
134,Uganda,0,0,0,0,0,0,0,0,0,0,0,0,0,0,0,0,0,0,0,11.172287,11.283593,15.75244,10.99401,8.01784,11.098973,38.893541,31.40872,23.706561,24.173699,36.582925,21.651504,14.963174,14.153515
135,Suriname,0,0,0,0,0,0,0,0,0,0,0,0,0,0,0,0,0,0,0,5.299083,5.714769,6.390107,5.903365,3.275126,4.332428,6.217284,6.26738,4.667689,7.04732,2.665923,4.48252,16.145525,13.24096
136,namibia,0,0,0,0,0,0,0,0,0,0,0,0,0,0,0,0,0,0,0,7.311774,11.914538,17.66415,32.059385,18.749431,19.00666,29.573283,31.39356,20.062511,12.126466,15.782508,14.013576,12.497822,11.685394
137,Kyrgyzstan,0,0,0,0,0,0,0,0,0,0,0,0,0,0,0,0,0,0,0,2.276296,3.580704,3.162604,1.997046,4.036006,3.462663,3.582849,4.191914,3.376769,3.1644,3.081651,2.988087,2.87305,11.558121
138,Marshall Islands,0,0,0,0,0,0,0,0,0,0,0,0,0,0,0,0,0,0,0,7.370676,6.67809,11.218098,3.72702,2.26144,4.698722,9.143901,10.334001,4.618496,8.253141,5.128367,7.316116,12.107833,11.364913
139,American Samoa,0,0,0,0,0,0,0,0,0,0,0,0,0,0,0,0,0,0,0,10.030638,11.715106,9.561314,6.33456,5.112258,5.659896,6.370402,5.973957,7.714148,13.189053,11.04477,7.78393,10.264122,11.151063
140,El Salvador,0,0,0,0,0,0,0,0,0,0,0,0,0,0,0,0,0,0,0,31.483893,37.796071,34.255203,33.899139,29.221099,28.482974,26.187217,23.756962,28.697451,23.286882,22.004588,22.788874,16.928645,10.979348
141,Belarus,0,0,0,0,0,0,0,0,0,0,0,0,0,0,0,0,0,0,0,2.276219,3.617769,4.669208,2.473172,3.529868,3.170977,5.270965,14.579767,9.396707,4.243672,4.475957,4.430441,4.97482,10.514551
142,Mauritania,0,0,0,0,0,0,0,0,0,0,0,0,0,0,0,0,0,0,0,9.869953,10.1102,18.729593,15.469188,35.498033,39.011106,18.902274,16.215382,5.528198,9.165473,13.96156,13.314744,11.403016,10.279102
143,Barbados,0,0,0,0,0,0,0,0,0,0,0,0,0,0,0,0,0,0,0,4.974526,10.100047,8.063884,4.433552,9.077517,5.25751,2.301145,10.057375,23.353176,6.03194,156.051772,93.065701,6.937445,10.075124
144,Seychelles,0,0,0,0,0,0,0,0,0,0,0,0,0,0,0,0,0,0,0,24.008461,16.578879,14.163538,11.731867,11.882179,12.705449,7.816608,9.707356,10.235759,12.937915,10.884844,9.368595,13.374619,9.973495
145,Afghanistan,0,0,0,0,0,0,0,0,0,0,0,0,0,0,0,0,0,0,0,21.597647,14.929772,20.42574,24.332023,37.429487,22.871288,17.41305,13.481408,19.519207,29.624029,18.083777,25.050387,20.733655,9.903547
146,Guyana,0,0,0,0,0,0,0,0,0,0,0,0,0,0,0,0,0,0,0,5.7337,2.398114,2.74677,0.990146,3.738688,4.465168,2.121638,3.005208,10.57598,1.891591,2.828634,5.469823,7.166656,9.447505
147,Costa Rica,0,0,0,0,0,0,0,0,0,0,0,0,0,0,0,0,0,0,0,34.176743,33.92721,45.438529,42.864542,26.827833,13.6315,4.781295,7.453855,8.463273,12.249704,12.343678,10.105364,12.562957,9.358181
148,UK Virgin Islands,0,0,0,0,0,0,0,0,0,0,0,0,0,0,0,0,0,0,0,3.17336,3.220747,0.239174,2.523475,5.166837,8.955164,21.106168,3.062986,2.281312,7.391497,18.166422,37.176104,13.346185,9.185751
149,Reunion,0,0,0,0,0,0,0,0,0,0,0,0,0,0,0,0,0,0,0,18.359952,19.855346,22.259225,21.602864,42.850335,14.698049,19.014078,9.407382,11.24367,13.4083,13.098681,11.389107,9.950079,8.245289
150,Paraguay,0,0,0,0,0,0,0,0,0,0,0,0,0,0,0,0,0,0,0,8.655977,2.372109,3.529742,1.933345,1.60004,4.763694,3.590641,3.311977,2.875793,2.929083,5.769441,8.106699,8.566496,7.981628
151,Azerbaijan,0,0,0,0,0,0,0,0,0,0,0,0,0,0,0,0,0,0,0,9.978297,7.911024,8.515144,13.253404,14.296363,14.951227,18.418108,7.801545,17.650928,10.881992,11.712479,6.093823,14.090907,7.928023
152,Guatemala,0,0,0,0,0,0,0,0,0,0,0,0,0,0,0,0,0,0,0,27.980698,43.715026,21.235994,19.956352,16.365217,24.473026,13.808254,9.903795,15.159488,11.308307,8.963122,7.662065,9.825547,7.407204
153,Cocos Keeling Islands,0,0,0,0,0,0,0,0,0,0,0,0,0,0,0,0,0,0,0,5.82845,5.938713,14.558126,13.413882,12.77635,16.803574,10.331251,7.796021,6.064979,10.289383,8.583812,8.467035,7.726374,7.316892
154,Antarctica,0,0,0,0,0,0,0,0,0,0,0,0,0,0,0,0,0,0,0,4.632702,5.453619,7.784944,7.523566,6.257154,6.173825,6.097938,7.231258,7.58989,8.713677,6.526114,9.256556,7.041098,7.212623
155,Algeria,0,0,0,0,0,0,0,0,0,0,0,0,0,0,0,0,0,0,0,91.10902,90.751866,72.439371,17.933997,30.161728,8.205473,6.578264,49.486009,10.51517,16.815042,19.900713,31.618351,7.805637,7.060328
156,Guinea,0,0,0,0,0,0,0,0,0,0,0,0,0,0,0,0,0,0,0,22.233103,43.783356,31.324666,18.406753,26.583173,27.242902,15.547186,5.906389,5.839914,6.192855,6.629269,14.39348,8.361851,6.61456
157,Angola,0,0,0,0,0,0,0,0,0,0,0,0,0,0,0,0,0,0,0,9.55612,14.598887,34.037766,10.451483,13.282294,10.748664,12.238431,10.327598,15.239238,10.611066,8.152465,26.31159,6.07173,6.4669
158,Malawi,0,0,0,0,0,0,0,0,0,0,0,0,0,0,0,0,0,0,0,5.552859,5.966904,9.948937,33.894608,9.614439,16.486288,37.075204,25.334952,29.700882,35.479615,23.649469,10.168647,6.296942,6.40007
159,Federated States of Micronesia,0,0,0,0,0,0,0,0,0,0,0,0,0,0,0,0,0,0,0,9.33298,8.28639,5.152441,6.130433,7.332038,9.21421,9.892243,8.87139,7.437102,7.650647,9.476222,5.366622,6.87099,5.987552
160,Bolivia,0,0,0,0,0,0,0,0,0,0,0,0,0,0,0,0,0,0,0,1.614464,7.290065,5.095117,5.236252,3.623672,2.946979,3.413567,4.322935,7.061987,4.849265,6.827883,5.827904,5.28706,5.88915
161,Tuvalu,0,0,0,0,0,0,0,0,0,0,0,0,0,0,0,0,0,0,0,7.073983,6.290719,4.877052,4.176309,3.536695,2.53265,2.642348,2.644694,6.177182,5.3796,6.532146,5.99192,5.650294,5.408824
162,Bosnia-Herzegovina,0,0,0,0,0,0,0,0,0,0,0,0,0,0,0,0,0,0,0,6.134585,4.546269,7.575126,6.925368,14.886805,10.120663,8.260467,7.025706,7.622032,6.801952,6.471467,6.923416,6.84427,5.256037
163,Albania,0,0,0,0,0,0,0,0,0,0,0,0,0,0,0,0,0,0,0,2.574208,4.593103,4.104366,4.288416,6.79726,6.423781,4.069307,7.390916,7.013609,6.779714,7.12358,8.334361,7.073831,5.253642
164,Eritrea,0,0,0,0,0,0,0,0,0,0,0,0,0,0,0,0,0,0,0,1.538216,1.693452,1.625216,3.052159,5.665387,6.143859,2.268698,2.478393,8.275034,8.966219,2.60133,5.839606,15.082085,4.888528
165,Rwanda,0,0,0,0,0,0,0,0,0,0,0,0,0,0,0,0,0,0,0,0.175191,1.521227,2.069098,1.235304,1.074267,7.802842,7.973209,16.717157,5.509618,4.091182,3.563069,2.815506,4.217231,4.596699
166,Togo,0,0,0,0,0,0,0,0,0,0,0,0,0,0,0,0,0,0,0,4.585761,3.052895,2.860398,2.083438,3.179513,6.842715,1.894386,2.950787,2.500307,5.027768,3.304244,11.746946,9.663755,4.567979
167,Armenia,0,0,0,0,0,0,0,0,0,0,0,0,0,0,0,0,0,0,0,4.862979,7.480105,3.12171,1.997561,1.847454,3.244556,6.430855,2.502632,2.058113,3.464708,2.440808,2.455281,2.871974,4.277649
168,Wallis & Futuna Island,0,0,0,0,0,0,0,0,0,0,0,0,0,0,0,0,0,0,0,8.257161,6.638757,10.581996,6.915168,7.478845,5.619471,5.051825,4.757437,5.179539,4.993128,4.728101,3.470586,3.710067,3.952901
169,Honduras,0,0,0,0,0,0,0,0,0,0,0,0,0,0,0,0,0,0,0,9.51905,12.297252,6.657995,1.319136,3.158032,1.247233,3.836755,3.75302,3.189925,2.669878,1.771662,3.104964,2.524913,3.818287
170,Cameroon,0,0,0,0,0,0,0,0,0,0,0,0,0,0,0,0,0,0,0,6.310726,12.635271,5.856258,5.442794,4.264527,4.535067,27.092486,9.566813,18.608014,10.395727,8.401586,5.388136,4.226029,3.795089
171,Liberia,0,0,0,0,0,0,0,0,0,0,0,0,0,0,0,0,0,0,0,2.241623,2.55974,1.944525,1.892685,4.844092,4.437949,5.615158,12.636192,7.812934,3.066793,2.594192,4.787267,4.726406,3.715202
172,Democratic Republic of the Congo,0,0,0,0,0,0,0,0,0,0,0,0,0,0,0,0,0,0,0,6.444721,1.681579,23.006796,1.940983,9.981598,8.662621,8.954532,16.973766,13.464388,5.495393,4.501588,5.66702,5.465625,3.690536
173,Syria,0,0,0,0,0,0,0,0,0,0,0,0,0,0,0,0,0,0,0,9.561881,8.36503,38.355777,14.26138,18.322819,21.557344,9.315865,5.045233,4.180049,4.943366,3.699506,3.058983,4.609157,3.350793
174,Libya,0,0,0,0,0,0,0,0,0,0,0,0,0,0,0,0,0,0,0,19.546469,36.521308,55.916463,56.480976,50.520756,59.856787,50.00956,41.762288,32.078398,13.786852,11.619303,4.128862,8.94876,3.240451
175,Eswatini,0,0,0,0,0,0,0,0,0,0,0,0,0,0,0,0,0,0,0,1.457736,2.376028,1.444366,1.691685,1.386496,1.240357,1.19639,2.304487,2.273115,2.383448,1.067006,2.082492,4.108212,3.028593
176,Puerto Rico,0,0,0,0,0,0,0,0,0,0,0,0,0,0,0,0,0,0,0,18.090716,8.843023,6.093455,8.24611,4.046188,3.287509,8.801712,17.064577,2.216663,3.283163,4.63995,5.458583,7.789145,2.739662
177,Somalia,0,0,0,0,0,0,0,0,0,0,0,0,0,0,0,0,0,0,0,1.258917,1.484685,0.181707,0.264608,0.304081,0.590981,0.411843,1.174848,0.238873,2.528129,3.640607,2.162004,2.24161,2.603282
178,Cuba,0,0,0,0,0,0,0,0,0,0,0,0,0,0,0,0,0,0,0,10.394602,12.686136,6.532096,2.886273,12.432734,13.52836,4.133458,5.833671,5.939219,2.864504,3.203172,2.944882,2.573339,2.600641
179,Palau,0,0,0,0,0,0,0,0,0,0,0,0,0,0,0,0,0,0,0,2.401703,1.762473,1.919741,1.750935,1.512854,1.912035,2.007863,0.95909,2.60795,4.949004,2.070315,1.346927,2.388813,2.578798
180,St Vincent & Grenadines,0,0,0,0,0,0,0,0,0,0,0,0,0,0,0,0,0,0,0,0.947516,1.681332,2.625401,1.639751,1.910782,1.15281,0.654897,0.121374,0.101103,0.35078,0.630982,1.810655,1.908295,2.163446
181,Tunisia,0,0,0,0,0,0,0,0,0,0,0,0,0,0,0,0,0,0,0,5.441732,14.783073,10.195991,5.774066,5.030825,4.934165,5.879028,7.859901,9.437865,9.578837,9.973467,5.733485,4.148792,2.105268
182,Djibouti,0,0,0,0,0,0,0,0,0,0,0,0,0,0,0,0,0,0,0,1.396765,4.826005,1.943438,4.951055,5.852233,2.450641,3.609144,3.744964,2.371779,2.569323,5.090537,3.383682,1.297547,2.104092
183,Moldova,0,0,0,0,0,0,0,0,0,0,0,0,0,0,0,0,0,0,0,1.359266,1.032115,1.255914,1.042454,1.139255,1.153654,3.207377,3.995145,1.118732,1.090793,1.153217,1.064474,1.046938,2.033631
184,Montenegro,0,0,0,0,0,0,0,0,0,0,0,0,0,0,0,0,0,0,0,0,0,0,0.211516,7.095086,1.470728,2.013903,1.079602,1.024984,2.112744,1.031535,4.0531,2.152476,2
185,Gaza Strip and West Bank,0,0,0,0,0,0,0,0,0,0,0,0,0,0,0,0,0,0,0,0,0,0,0,0,1,3,2,3,3,2,2,2,2
186,Northern Mariana Islands,0,0,0,0,0,0,0,0,0,0,0,0,0,0,0,0,0,0,0,1.628327,1.148291,2.140951,1.238445,0.947132,1.417313,2.031833,1.062233,1.693442,3.680455,3.827757,2.147958,4.367726,1.870803
187,St Lucia,0,0,0,0,0,0,0,0,0,0,0,0,0,0,0,0,0,0,0,2.513937,2.835082,2.105064,1.240274,1.933148,1.192211,1.841977,1.808229,1.593034,1.283212,1.47241,1.587827,2.466309,1.779896
188,Grenada,0,0,0,0,0,0,0,0,0,0,0,0,0,0,0,0,0,0,0,0.219035,0.257872,0.165326,0.108153,0.312437,1.129339,1.217963,2.019787,1.216886,1.158654,2.395682,1.176838,1.404153,1.491485
189,Belize,0,0,0,0,0,0,0,0,0,0,0,0,0,0,0,0,0,0,0,0.197924,1.540325,0.27393,1.297352,0.270053,0.145187,1.236306,1.157063,1.550267,1.907878,1.090686,1.273594,2.965891,1.352721
190,Gambia,0,0,0,0,0,0,0,0,0,0,0,0,0,0,0,0,0,0,0,0.037691,0.042229,0.2117,0.255948,1.324333,1.278732,1.109533,1,1.033522,1.109214,0.022427,1.018507,1.075337,1.201419
191,Dominica,0,0,0,0,0,0,0,0,0,0,0,0,0,0,0,0,0,0,0,0.243797,0.29463,0.150853,0.008674,0.493345,0.120799,1.137328,1.07955,1.204002,0.579332,0.09426,1.117267,2.070125,1.188725
192,Nicaragua,0,0,0,0,0,0,0,0,0,0,0,0,0,0,0,0,0,0,0,1.566894,1.129183,0.233626,0.341141,0.850672,2.608898,1.822581,1.182307,4.695436,2.778035,1.698204,2.075851,1.713289,1.111085
193,St Kitts & Nevis,0,0,0,0,0,0,0,0,0,0,0,0,0,0,0,0,0,0,0,0.194705,0.169958,0.258507,0.190056,0.149072,0.12965,0.277587,0.32915,0.630963,0.614355,0.672446,0.877233,1.133142,1.083487
194,Burundi,0,0,0,0,0,0,0,0,0,0,0,0,0,0,0,0,0,0,0,0.119207,0.171309,0.106756,0.008345,0.08857,0.10552,0.180799,3.181136,1.866277,1.108692,1.01176,0.003615,1.077512,1.055905
195,Antigua & Barbuda,0,0,0,0,0,0,0,0,0,0,0,0,0,0,0,0,0,0,0,1.645146,0.546516,0.702499,0.366987,0.721509,0.80835,2.209902,0.225082,0.345364,0.401986,0.716153,0.923609,1.196764,1.031893
196,Lesotho,0,0,0,0,0,0,0,0,0,0,0,0,0,0,0,0,0,0,0,1.21292,1.011193,1.042244,1.291871,1.052379,1.109754,1.031392,1,2,1.024955,1.064577,1.009565,1.031139,1.004476
197,Equatorial Guinea,0,0,0,0,0,0,0,0,0,0,0,0,0,0,0,0,0,0,0,0.288156,0.303836,0.738502,0.236016,0.906816,0.573061,0.432134,0.410728,5.836615,0.435297,0.225424,0.374882,1.057172,0.980732
198,Niue,0,0,0,0,0,0,0,0,0,0,0,0,0,0,0,0,0,0,0,3.307486,2.501774,2.241376,0.167246,1.150194,0.38272,0.530138,1.205039,0.115141,0.177984,1.154727,0.201279,0.432918,0.803233
199,Central African Republic,0,0,0,0,0,0,0,0,0,0,0,0,0,0,0,0,0,0,0,0.234398,0.156158,0.092236,0.250762,0.169588,0.052636,0.038847,1.4511,1.751884,3.449649,0.939213,0.855989,0.040655,0.688317
200,St Helena,0,0,0,0,0,0,0,0,0,0,0,0,0,0,0,0,0,0,0,0.052561,0.207088,0.154503,0.015,0.416879,0.303097,0.235617,0.165212,0.098315,0.808569,0.554145,0.656162,0.540162,0.686197
201,French Antilles,0,0,0,0,0,0,0,0,0,0,0,0,0,0,0,0,0,0,0,2.89812,5.12689,4.604281,2.974588,1.647041,34.333783,1.140942,1.207514,1.82017,0.894862,0.43567,0.56743,2.106637,0.508591
202,US Virgin Islands,0,0,0,0,0,0,0,0,0,0,0,0,0,0,0,0,0,0,0,1.939355,2.657642,0.966793,1.666469,1.520385,0.515661,0.617255,0.579015,1.248828,2.134321,1.230488,0.476228,1.519783,0.502201
203,Netherlands Antilles,0,0,0,0,0,0,0,0,0,0,0,0,0,0,0,0,0,0,0,10.311139,4.622009,2.965364,2.956467,0.787243,1.472931,0.707259,6.466631,1.020595,0.743657,2.117516,0.68259,1.092135,0.35827
204,Benin,0,0,0,0,0,0,0,0,0,0,0,0,0,0,0,0,0,0,0,1.882136,1.663659,12.702928,0.460791,0.802943,1.976305,1.610152,1.33249,1.649727,1.482646,1.727074,1.050639,1.226686,0.308606
205,French Guiana,0,0,0,0,0,0,0,0,0,0,0,0,0,0,0,0,0,0,0,0.664691,0.962288,0.597577,0.729029,0.146287,0.053266,0.022758,0.047914,0.132559,0.024219,0.007605,0.108976,0.0281,0.1809
206,Falkland Islands,0,0,0,0,0,0,0,0,0,0,0,0,0,0,0,0,0,0,0,0.520268,0.495348,0.208555,0.218328,0.104852,0.101257,0.113031,0.121417,2.272226,0.158931,0.142674,0.2873,0.176367,0.139199
207,Guinea-Bissau,0,0,0,0,0,0,0,0,0,0,0,0,0,0,0,0,0,0,0,0.818448,0.148849,0.064013,0.030417,0.244451,0,0,0,0,0,0.295253,0,0,0.122859
208,Haiti,0,0,0,0,0,0,0,0,0,0,0,0,0,0,0,0,0,0,0,0.164785,3.111916,1.115931,0.49032,1.637208,0.818936,0.16065,0.491364,1.12979,2.535311,0.441176,0.647892,0.318387,0.086975
209,South Sudan,0,0,0,0,0,0,0,0,0,0,0,0,0,0,0,0,0,0,0,0,0,0,0,0,0,0.731129,0.057355,0.300718,0.313019,0.09832,0.24272,0.26592,0.077247
210,Turkmenistan,0,0,0,0,0,0,0,0,0,0,0,0,0,0,0,0,0,0,0,2.848269,0.245561,0.740994,4.576795,0.295585,0.618635,0.428686,0.977503,1.150732,1.041846,1.078578,1.272139,0.268514,0.034882
211,Chad,0,0,0,0,0,0,0,0,0,0,0,0,0,0,0,0,0,0,0,1.323224,1.792016,0.952099,0.202257,0.565947,2.523319,2.828264,1.369568,1.886389,2.517264,1.066845,1.366155,2.142884,0.032356
212,Tajikistan,0,0,0,0,0,0,0,0,0,0,0,0,0,0,0,0,0,0,0,0.489211,0.199476,0.205174,0.051232,1.128284,2.353889,1.975023,2.964809,0.05366,0.045441,0.408573,0.008196,0.109261,0.030291
213,Cabo Verde,0,0,0,0,0,0,0,0,0,0,0,0,0,0,0,0,0,0,0,0.018943,0.019115,0,0.009557,0.009392,0,0.00919,0,0.008275,0.177137,0,0.00255,0.735919,0.028231
214,Sao Tome & Principe,0,0,0,0,0,0,0,0,0,0,0,0,0,0,0,0,0,0,0,0.404743,0.048022,0.003269,0.00339,0,0,0,0.10499,0,0,0.110974,0.138683,0,0.014335
215,Niger,0,0,0,0,0,0,0,0,0,0,0,0,0,0,0,0,0,0,0,0.695175,4.022303,0.631574,0.189698,0.116147,1.701112,0.48584,0.245089,0.602459,2.03081,0.505088,3.831962,0.306342,0.010162
216,St Pierre & Miquelon,0,0,0,0,0,0,0,0,0,0,0,0,0,0,0,0,0,0,0,0.051844,0.00936,0.045,0,0.018571,0,0.004,0,0,0,0,0,0,0.004293
217,Pitcairn Islands,0,0,0,0,0,0,0,0,0,0,0,0,0,0,0,0,0,0,0,0.075148,0.310308,0.005587,0.931934,0.005827,2.374977,0.342115,1.049951,0.193816,0.053453,0.081537,0.235,0.25303,0.003048
218,Polynesia (excl Hawaii) nfd,0,0,0,0,0,0,0,0,0,0,0,0,0,0,0,0,0,0,0,1.902443,0.49337,0.165717,0,0.020472,0.01212,0,0.087564,0,0,0,0.156209,2.803624,0
219,Montserrat,0,0,0,0,0,0,0,0,0,0,0,0,0,0,0,0,0,0,0,0.012991,0,0.291696,0,0,0,0,0,0,0,0.008726,0,1.760824,0
220,Turks & Caicos Islands,0,0,0,0,0,0,0,0,0,0,0,0,0,0,0,0,0,0,0,0,0.020541,0.060488,0.021336,0,0.019798,0,0.010189,0.028292,0.038818,0,0.00201,0.057942,0
221,Anguilla,0,0,0,0,0,0,0,0,0,0,0,0,0,0,0,0,0,0,0,0,0.051262,0.028293,0.215695,0,0,0.015309,0.007954,0.006884,0,0,0,0.0059,0
222,French Southern Territories,0,0,0,0,0,0,0,0,0,0,0,0,0,0,0,0,0,0,0,0,0,0,0,0,0,0,0,0,0.039876,0,0,0,0
223,Comoros,0,0,0,0,0,0,0,0,0,0,0,0,0,0,0,0,0,0,0,0.0575,0.073251,0.225292,0.319034,0,0.091357,0.115568,0.02585,0.326515,0.00364,0,0,0,0
224,Democratic People's Republic of Korea,0,0,0,0,0,0,0,0,0,0,0,0,0,0,0,0,0,0,0,12,11,24,13,8,6.342222,0,13,9,0,0,0,0,0
225,Western Sahara,0,0,0,0,0,0,0,0,0,0,0,0,0,0,0,0,0,0,0,0,0,0.136185,0,0,0,0,0,0.003754,0,0,0,0,0
226,Adelie Land (France),0,0,0,0,0,0,0,0,0,0,0,0,0,0,0,0,0,0,0,0,0,0,0,0,0,0,0,0,0,0,0,0,0
227,Midway Island,0,0,0,0,0,0,0,0,0,0,0,0,0,0,0,0,0,0,0,0,0,0,0,0,0,0,0,0,0,0,0,0,0
228,US Pacific Islands,0,0,0,0,0,0,0,0,0,0,0,0,0,0,0,0,0,0,0,0,0,0,0,0,0,0,0,0,0,0,0,0,0
229,Former Sudan,0,0,0,0,0,0,0,0,0,0,0,0,0,0,0,0,0,0,0,202.294759,189.595078,312.917592,215.441684,161.324206,268.944596,0,0,0,0,0,0,0,0
